Workbook
Name NoPrefixVar: #REF!

Sheet TOC
A1: Version | B1: Observation Class | C1: Domain Name | D1: Domain Label | E1: Domain Structure | F1: Keys
A2: SDTMIG v3.4 | B2: Special Purpose | C2: CO | D2: Comments | E2: One record per comment per subject | F2: =VLOOKUP(C2,[1]Table1!$A$7:$F$69,6,0) -> STUDYID, USUBJID, IDVAR, COREF, CODTC
A3: SDTMIG v3.4 | B3: Special Purpose | C3: DM | D3: Demographics | E3: One record per subject | F3: =VLOOKUP(C3,[1]Table1!$A$7:$F$69,6,0) -> STUDYID, USUBJID
A4: SDTMIG v3.4 | B4: Special Purpose | C4: SE | D4: Subject Elements | E4: One record per actual Element per subject | F4: =VLOOKUP(C4,[1]Table1!$A$7:$F$69,6,0) -> STUDYID, USUBJID, ETCD, SESTDTC
A5: SDTMIG v3.4 | B5: Special Purpose | C5: SM | D5: Subject Disease Milestones | E5: One record per Disease Milestone per subject | F5: =VLOOKUP(C5,[1]Table1!$A$7:$F$69,6,0) -> STUDYID, USUBJID, MIDS
A6: SDTMIG v3.4 | B6: Special Purpose | C6: SV | D6: Subject Visits | E6: One record per subject per actual visit | F6: =VLOOKUP(C6,[1]Table1!$A$7:$F$69,6,0) -> STUDYID, USUBJID, SVTERM
A7: SDTMIG v3.4 | B7: Interventions | C7: AG | D7: Procedure Agents | E7: One record per recorded intervention occurrence per subject | F7: =VLOOKUP(C7,[1]Table1!$A$7:$F$69,6,0) -> STUDYID, USUBJID, AGTRT, AGSTDTC
A8: SDTMIG v3.4 | B8: Interventions | C8: CM | D8: Concomitant/Prior Medications | E8: One record per recorded intervention occurrence or constant-dosing interval per subject | F8: =VLOOKUP(C8,[1]Table1!$A$7:$F$69,6,0) -> STUDYID, USUBJID, CMTRT, CMSTDTC
A9: SDTMIG v3.4 | B9: Interventions | C9: EC | D9: Exposure as Collected | E9: One record per protocol-specified study treatment, collected-dosing interval, per subject, per mood | F9: =VLOOKUP(C9,[1]Table1!$A$7:$F$69,6,0) -> STUDYID, USUBJID, ECTRT, ECSTDTC, ECMOOD
A10: SDTMIG v3.4 | B10: Interventions | C10: EX | D10: Exposure | E10: One record per protocol-specified study treatment, constant-dosing interval, per subject | F10: =VLOOKUP(C10,[1]Table1!$A$7:$F$69,6,0) -> STUDYID, USUBJID, EXTRT, EXSTDTC
A11: SDTMIG v3.4 | B11: Interventions | C11: ML | D11: Meal Data | E11: One record per food product occurrence or constant intake interval per subject | F11: =VLOOKUP(C11,[1]Table1!$A$7:$F$69,6,0) -> STUDYID, USUBJID, MLTRT, MLSTDTC
A12: SDTMIG v3.4 | B12: Interventions | C12: PR | D12: Procedures | E12: One record per recorded procedure per occurrence per subject | F12: =VLOOKUP(C12,[1]Table1!$A$7:$F$69,6,0) -> STUDYID, USUBJID, PRTRT, PRSTDTC
A13: SDTMIG v3.4 | B13: Interventions | C13: SU | D13: Substance Use | E13: One record per substance type per reported occurrence per subject | F13: =VLOOKUP(C13,[1]Table1!$A$7:$F$69,6,0) -> STUDYID, USUBJID, SUTRT, SUSTDTC
... A63: SDTMIG v3.4 | B63: Study Reference | C63: OI | D63: Non-host Organism Identifiers | E63: One record per taxon per non-host organism | F63: =VLOOKUP(C63,[1]Table1!$A$7:$F$69,6,0) -> NHOID, OISEQ

Sheet CO
A1: Variable Name | B1: Variable Label | C1: Type | D1: Controlled Terms, Codelist or Format | E1: Role | F1: CDISC Notes | G1: Core
A2: STUDYID | B2: Study Identifier | C2: Char | E2: Identifier | F2: Unique identifier for a study. | G2: Req
A3: DOMAIN | B3: Domain Abbreviation | C3: Char | D3: CO | E3: Identifier | F3: Two-character abbreviation for the domain. | G3: Req
A4: RDOMAIN | B4: Related Domain Abbreviation | C4: Char | E4: Record Qualifier | F4: Two-character abbreviation for the domain of the parent record(s). Null for comments collected on a general comments or additional information CRF page. | G4: Perm
A5: USUBJID | B5: Unique Subject Identifier | C5: Char | E5: Identifier | F5: Identifier used to uniquely identify a subject across all studies for all applications or submissions involving the product. | G5: Req
A6: COSEQ | B6: Sequence Number | C6: Num | E6: Identifier | F6: Sequence Number given to ensure uniqueness of subject records within a domain. May be any valid number. | G6: Req
A7: IDVAR | B7: Identifying Variable | C7: Char | E7: Record Qualifier | F7: Identifying variable in the parent dataset that identifies the record(s) to which the comment applies. Examples AESEQ or CMGRPID. Used only when individual comments are related to domain records. Null for comments collected on separate CRFs. | G7: Perm
A8: IDVARVAL | B8: Identifying Variable Value | C8: Char | E8: Record Qualifier | F8: Value of identifying variable of the parent record(s). Used only when individual comments are related to domain records. Null for comments collected on separate CRFs. | G8: Perm
A9: COREF | B9: Comment Reference | C9: Char | E9: Record Qualifier | F9: Sponsor-defined reference associated with the comment. May be the CRF page number (e.g., 650), or a module name (e.g., DEMOG), or a combination of information that identifies the reference (e.g. 650-VITALS-VISIT 2). | G9: Perm
A10: COVAL | B10: Comment | C10: Char | E10: Topic | F10: The text of the comment. Text over 200 characters can be added to additional columns COVAL1-COVALn. See Assumption 3. | G10: Req
A11: COEVAL | B11: Evaluator | C11: Char | E11: Record Qualifier | F11: Used to describe the originator of the comment. Examples: CENTRAL, REVIEWER, ADJUDICATION COMMITTEE, PRINCIPAL INVESTIGATOR. | G11: Perm
A12: COEVALID | B12: Evaluator Identifier | C12: Char | D12: (MEDEVAL) | E12: Record Qualifier | F12: Used to distinguish multiple evaluators with the same role recorded in --EVAL. Examples: RADIOLOGIST, RADIOLOGIST1, RADIOLOGIST2. | G12: Perm
A13: CODTC | B13: Date/Time of Comment | C13: Char | D13: ISO 8601 | E13: Timing | F13: Date/time of comment on dedicated comment form. Should be null if this is a child record of another domain or if comment date was not collected. | G13: Perm
A14: CODY | B14: Study Day of Comment | C14: Num | E14: Timing | F14: Study day of the comment, in integer days. The algorithm for calculations must be relative to the sponsor-defined RFSTDTC variable in the Demographics (DM) domain. | G14: Perm

Sheet DM
A1: Variable Name | B1: Variable Label | C1: Type | D1: Controlled Terms, Codelist or Format | E1: Role | F1: CDISC Notes | G1: Core
A2: STUDYID | B2: Study Identifier | C2: Char | E2: Identifier | F2: Unique identifier for a study. | G2: Req
A3: DOMAIN | B3: Domain Abbreviation | C3: Char | D3: DM | E3: Identifier | F3: Two-character abbreviation for the domain. | G3: Req
A4: USUBJID | B4: Unique Subject Identifier | C4: Char | E4: Identifier | F4: Identifier used to uniquely identify a subject across all studies for all applications or submissions involving the product. This must be a unique number, and could be a compound identifier formed by concatenating STUDYID-SITEID-SUBJID. | G4: Req
A5: SUBJID | B5: Subject Identifier for the Study | C5: Char | E5: Topic | F5: Subject identifier, which must be unique within the study. Often the ID of the subject as recorded on a CRF. | G5: Req
A6: RFSTDTC | B6: Subject Reference Start Date/Time | C6: Char | D6: ISO 8601 | E6: Record Qualifier | F6: Reference Start Date/time for the subject in ISO 8601 character format. Usually equivalent to date/time when subject was first exposed to study treatment. See Assumption 9 for additional detail on when RFSTDTC may be null. | G6: Exp
A7: RFENDTC | B7: Subject Reference End Date/Time | C7: Char | D7: ISO 8601 | E7: Record Qualifier | F7: Reference End Date/time for the subject in ISO 8601 character format. Usually equivalent to the date/time when subject was determined to have ended the trial, and often equivalent to date/time of last exposure to study treatment. Required for all randomized subjects; null for screen failures or unassigned subjects. | G7: Exp
A8: RFXSTDTC | B8: Date/Time of First Study Treatment | C8: Char | D8: ISO 8601 | E8: Record Qualifier | F8: First date/time of exposure to any protocol-specified treatment or therapy, equal to the earliest value of EXSTDTC. | G8: Exp
A9: RFXENDTC | B9: Date/Time of Last Study Treatment | C9: Char | D9: ISO 8601 | E9: Record Qualifier | F9: Last date/time of exposure to any protocol-specified treatment or therapy, equal to the latest value of EXENDTC (or the latest value of EXSTDTC if EXENDTC was not collected or is missing). | G9: Exp
A10: RFCSTDTC | B10: Date/Time of First Challenge Agent Admin | C10: Char | D10: ISO 8601 | E10: Record Qualifier | F10: Used only when protocol specifies a challenge agent to induce a condition that the investigational treatment is intended to cure, mitigate, treat, or prevent. Equal to the earliest value of AGSTDTC for the challenge agent. | G10: Perm
A11: RFCENDTC | B11: Date/Time of Last Challenge Agent Admin | C11: Char | D11: ISO 8601 | E11: Record Qualifier | F11: Used only when protocol specifies a challenge agent to induce a condition that the investigational treatment is intended to cure, mitigate, treat, or prevent. Equal to the latest value of AGENDTC for the challenge agent (or the latest value of AGSTDTC if AGENDTC was not collected or is missing). | G11: Perm
A12: RFICDTC | B12: Date/Time of Informed Consent | C12: Char | D12: ISO 8601 | E12: Record Qualifier | F12: Date/time of informed consent in ISO 8601 character format. This will be the same as the date of informed consent in the Disposition domain, if that protocol milestone is documented. Would be null only in studies not collecting the date of informed consent. | G12: Exp
A13: RFPENDTC | B13: Date/Time of End of Participation | C13: Char | D13: ISO 8601 | E13: Record Qualifier | F13: Date/time when subject ended participation or follow-up in a trial, as defined in the protocol, in ISO 8601 character format. Should correspond to the last known date of contact. Examples include completion date, withdrawal date, last follow-up, date recorded for lost to follow up, or death date. | G13: Exp
A14: DTHDTC | B14: Date/Time of Death | C14: Char | D14: ISO 8601 | E14: Record Qualifier | F14: Date/time of death for any subject who died, in ISO 8601 format. Should represent the date/time that is captured in the clinical-trial database. | G14: Exp
A15: DTHFL | B15: Subject Death Flag | C15: Char | D15: (NY) | E15: Record Qualifier | F15: Indicates the subject died. Should be "Y" or null. Should be populated even when the death date is unknown. | G15: Exp
A16: SITEID | B16: Study Site Identifier | C16: Char | E16: Record Qualifier | F16: Unique identifier for a site within a study. | G16: Req
A17: INVID | B17: Investigator Identifier | C17: Char | E17: Record Qualifier | F17: An identifier to describe the Investigator for the study. May be used in addition to SITEID. Not needed if SITEID is equivalent to INVID. | G17: Perm
A18: INVNAM | B18: Investigator Name | C18: Char | E18: Synonym Qualifier | F18: Name of the investigator for a site. | G18: Perm
A19: BRTHDTC | B19: Date/Time of Birth | C19: Char | D19: ISO 8601 | E19: Record Qualifier | F19: Date/time of birth of the subject. | G19: Perm
A20: AGE | B20: Age | C20: Num | E20: Record Qualifier | F20: Age expressed in AGEU. May be derived from RFSTDTC and BRTHDTC, but BRTHDTC may not be available in all cases (due to subject privacy concerns). | G20: Exp
A21: AGEU | B21: Age Units | C21: Char | D21: (AGEU) | E21: Variable Qualifier | F21: Units associated with AGE. | G21: Exp
A22: SEX | B22: Sex | C22: Char | D22: (SEX) | E22: Record Qualifier | F22: Sex of the subject. | G22: Req
A23: RACE | B23: Race | C23: Char | D23: (RACE) | E23: Record Qualifier | F23: Race of the subject. Sponsors should refer to "Collection of Race and Ethnicity Data in Clinical Trials" (FDA, October, 2016) for guidance regarding the collection of race (https://www.fda.gov/downloads/regulatoryinformation/guidances/ucm126396.pdf) See Assumption below regarding RACE. | G23: Exp
A24: ETHNIC | B24: Ethnicity | C24: Char | D24: (ETHNIC) | E24: Record Qualifier | F24: The ethnicity of the subject. Sponsors should refer to "Collection of Race and Ethnicity Data in Clinical Trials" (FDA, October, 2016) for guidance regarding the collection of ethnicity (https://www.fda.gov/downloads/regulatoryinformation/guidances/ucm126396.pdf). | G24: Perm
A25: ARMCD | B25: Planned Arm Code | C25: Char | E25: Record Qualifier | F25: ARMCD is limited to 20 characters. It is not subject to the character restrictions that apply to TESTCD.The maximum length of ARMCD is longer than for other "short" variables to accommodate the kind of values that are likely to be needed for crossover trials. For example, if ARMCD values for a seven-period crossover were constructed using two-character abbreviations for each treatment and separating hyphens, the length of ARMCD values would be 20. If the subject was not assigned to an Arm, ARMCD is null and ARMNRS is populated. With the exception of studies which use multi-stage Arm assignments, must be a value of ARMCD in the Trial Arms Dataset. | G25: Exp
A26: ARM | B26: Description of Planned Arm | C26: Char | E26: Synonym Qualifier | F26: Name of the Arm to which the subject was assigned. If the subject was not assigned to an Arm, ARM is null and ARMNRS is populated. With the exception of studies which use multi-stage Arm assignments, must be a value of ARM in the Trial Arms Dataset. | G26: Exp
A27: ACTARMCD | B27: Actual Arm Code | C27: Char | E27: Record Qualifier | F27: Code of actual Arm. ACTARMCD is limited to 20 characters. It is not subject to the character restrictions that apply to TESTCD. The maximum length of ACTARMCD is longer than for other short variables to accommodate the kind of values that are likely to be needed for crossover trials. With the exception of studies which use multi-stage Arm assignments, must be a value of ARMCD in the Trial Arms Dataset. If the subject was not assigned to an Arm or followed a course not described by any planned Arm, ACTARMCD is null and ARMNRS is populated. | G27: Exp
A28: ACTARM | B28: Description of Actual Arm | C28: Char | E28: Synonym Qualifier | F28: Description of actual Arm. With the exception of studies which use multi-stage Arm assignments, must be a value of ARM in the Trial Arms Dataset. If the subject was not assigned to an Arm or followed a course not described by any planned Arm, ACTARM is null and ARMNRS is populated. | G28: Exp
A29: ARMNRS | B29: Reason Arm and/or Actual Arm is Null | C29: Char | E29: Record Qualifier | F29: A coded reason that Arm variables (ARM and ARMCD) and/or actual Arm variables (ACTARM and ACTARMCD) are null. Examples: "SCREEN FAILURE", "NOT ASSIGNED", "ASSIGNED, NOT TREATED", "UNPLANNED TREATMENT". It is assumed that if the Arm and actual Arm variables are null, the same reason applies to both Arm and actual Arm. | G29: Exp
A30: ACTARMUD | B30: Description of Unplanned Actual Arm | C30: Char | E30: Record Qualifier | F30: A description of actual treatment for a subject who did not receive treatment described in one of the planned trial Arms. | G30: Exp
A31: COUNTRY | B31: Country | C31: Char | D31: ISO 3166-1 Alpha-3 | E31: Record Qualifier | F31: Country of the investigational site in which the subject participated in the trial. | G31: Req
A32: DMDTC | B32: Date/Time of Collection | C32: Char | D32: ISO 8601 | E32: Timing | F32: Date/time of demographic data collection. | G32: Perm
A33: DMDY | B33: Study Day of Collection | C33: Num | E33: Timing | F33: Study day of collection measured as integer days. | G33: Perm

Sheet SE
A1: Variable Name | B1: Variable Label | C1: Type | D1: Controlled Terms, Codelist or Format | E1: Role | F1: CDISC Notes | G1: Core
A2: STUDYID | B2: Study Identifier | C2: Char | E2: Identifier | F2: Unique identifier for a study. | G2: Req
A3: DOMAIN | B3: Domain Abbreviation | C3: Char | D3: SE | E3: Identifier | F3: Two-character abbreviation for the domain. | G3: Req
A4: USUBJID | B4: Unique Subject Identifier | C4: Char | E4: Identifier | F4: Identifier used to uniquely identify a subject across all studies for all applications or submissions involving the product. | G4: Req
A5: SESEQ | B5: Sequence Number | C5: Num | E5: Identifier | F5: Sequence number given to ensure uniqueness of subject records within a domain. Should be assigned to be consistent chronological order. | G5: Req
A6: ETCD | B6: Element Code | C6: Char | E6: Topic | F6: 1. ETCD (the companion to ELEMENT) is limited to 8 characters and does not have special character restrictions. These values should be short for ease of use in programming, but it is not expected that ETCD will need to serve as a variable name. 2. If an encountered Element differs from the planned Element to the point that it is considered a new Element, then use "UNPLAN" as the value for ETCD to represent this Element. | G6: Req
A7: ELEMENT | B7: Description of Element | C7: Char | E7: Synonym Qualifier | F7: The name of the Element. If ETCD has a value of "UNPLAN" then ELEMENT should be null. | G7: Perm
A8: TAETORD | B8: Planned Order of Element within Arm | C8: Num | E8: Timing | F8: Number that gives the planned order of the Element within the subject's assigned Arm. | G8: Perm
A9: EPOCH | B9: Epoch | C9: Char | D9: (EPOCH) | E9: Timing | F9: Epoch associated with the Element in the planned sequence of Elements for the Arm to which the subject was assigned. | G9: Perm
A10: SESTDTC | B10: Start Date/Time of Element | C10: Char | D10: ISO 8601 | E10: Timing | F10: Start date/time for an Element for each subject. | G10: Req
A11: SEENDTC | B11: End Date/Time of Element | C11: Char | D11: ISO 8601 | E11: Timing | F11: End date/time for an Element for each subject. | G11: Exp
A12: SESTDY | B12: Study Day of Start of Element | C12: Num | E12: Timing | F12: Study day of start of element relative to the sponsor-defined RFSTDTC. | G12: Perm
A13: SEENDY | B13: Study Day of End of Element | C13: Num | E13: Timing | F13: Study day of end of element relative to the sponsor-defined RFSTDTC. | G13: Perm
A14: SEUPDES | B14: Description of Unplanned Element | C14: Char | E14: Synonym Qualifier | F14: Description of what happened to the subject during an unplanned Element. Used only if ETCD has the value of "UNPLAN". | G14: Perm

Sheet SV
A1: Variable Name | B1: Variable Label | C1: Type | D1: Controlled Terms, Codelist or Format | E1: Role | F1: CDISC Notes | G1: Core
A2: STUDYID | B2: Study Identifier | C2: Char | E2: Identifier | F2: Unique identifier for a study. | G2: Req
A3: DOMAIN | B3: Domain Abbreviation | C3: Char | D3: SV | E3: Identifier | F3: Two-character abbreviation for the domain most relevant to the observation. The domain abbreviation is also used as a prefix for variables to ensure uniqueness when datasets are merged. | G3: Req
A4: USUBJID | B4: Unique Subject Identifier | C4: Char | E4: Identifier | F4: Identifier used to uniquely identify a subject across all studies for all applications or submissions involving the product. | G4: Req
A5: VISITNUM | B5: Visit Number | C5: Num | E5: Topic | F5: Clinical encounter number. Numeric version of VISIT, used for sorting. | G5: Req
A6: VISIT | B6: Visit Name | C6: Char | E6: Synonym Qualifier | F6: Protocol-defined description of a clinical encounter. | G6: Perm
A7: SVPRESP | B7: Pre-specified | C7: Char | D7: (NY) | E7: Variable Qualifier | F7: Used to indicate whether the visit was planned (i.e., visits specified in the TV domain). Value is "Y" for planned visits, null for unplanned visits. | G7: Exp
A8: SVOCCUR | B8: Occurrence | C8: Char | D8: (NY) | E8: Record Qualifier | F8: Used to record whether a planned visit occurred. The value is null for unplanned visits. | G8: Exp
A9: SVREASOC | B9: Reason for Occur Value | C9: Char | E9: Record Qualifier | F9: The reason for the value in SVOCCUR. If SVOCCUR="N", SVREASOC is the reason the visit did not occur. | G9: Perm
A10: SVCNTMOD | B10: Contact Mode | C10: Char | D10: (CNTMODE) | E10: Record Qualifier | F10: The way in which the visit was conducted. Examples: "IN PERSON", "TELEPHONE CALL", "IVRS". | G10: Perm
A11: SVEPCHGI | B11: Epi/Pandemic Related Change Indicator | C11: Char | D11: (NY) | E11: Record Qualifier | F11: Indicates whether the visit was changed due to an epidemic or pandemic. | G11: Perm
A12: VISITDY | B12: Planned Study Day of Visit | C12: Num | E12: Timing | F12: Planned study day of VISIT. Should be an integer. | G12: Perm
A13: SVSTDTC | B13: Start Date/Time of Observation | C13: Char | D13: ISO8601 datetime or interval | E13: Timing | F13: Start date/time of an observation represented in IS0 8601 character format. | G13: Exp
A14: SVENDTC | B14: End Date/Time of Observation | C14: Char | D14: ISO8601 datetime or interval | E14: Timing | F14: End date/time of the observation represented in IS0 8601 character format. | G14: Exp
A15: SVSTDY | B15: Study Day of Start of Observation | C15: Num | E15: Timing | F15: Actual study day of start of observation expressed in integer days relative to the sponsor- defined RFSTDTC in Demographics. | G15: Perm
A16: SVENDY | B16: Study Day of End of Observation | C16: Num | E16: Timing | F16: Actual study day of end of observation expressed in integer days relative to the sponsor- defined RFSTDTC in Demographics. | G16: Perm
A17: SVUPDES | B17: Description of Unplanned Visit | C17: Char | E17: Record Qualifier | F17: Description of what happened to the subject during an unplanned visit. Only populated for unplanned visits. | G17: Perm

Sheet EC
A1: Variable Name | B1: Variable Label | C1: Type | D1: Controlled Terms, Codelist or Format | E1: Role | F1: CDISC Notes | G1: Core
A2: STUDYID | B2: Study Identifier | C2: Char | E2: Identifier | F2: Unique identifier for a study. | G2: Req
A3: DOMAIN | B3: Domain Abbreviation | C3: Char | D3: EC | E3: Identifier | F3: Two-character abbreviation for the domain. | G3: Req
A4: USUBJID | B4: Unique Subject Identifier | C4: Char | E4: Identifier | F4: Identifier used to uniquely identify a subject across all studies for all applications or submissions involving the product. | G4: Req
A5: ECSEQ | B5: Sequence Number | C5: Num | E5: Identifier | F5: Sequence Number given to ensure uniqueness of subject records within a domain. May be any valid number. | G5: Req
A6: ECGRPID | B6: Group ID | C6: Char | E6: Identifier | F6: Used to tie together a block of related records in a single domain for a subject. | G6: Perm
A7: ECREFID | B7: Reference ID | C7: Char | E7: Identifier | F7: Internal or external identifier (e.g., kit number, bottle label, vial identifier). | G7: Perm
A8: ECSPID | B8: Sponsor-Defined Identifier | C8: Char | E8: Identifier | F8: Sponsor-defined reference number. Perhaps pre-printed on the CRF as an explicit line identifier or defined in the sponsor's operational database. Example: Line number on a CRF Page. | G8: Perm
A9: ECLNKID | B9: Link ID | C9: Char | E9: Identifier | F9: Identifier used to link related records across domains. | G9: Perm
A10: ECLNKGRP | B10: Link Group ID | C10: Char | E10: Identifier | F10: Identifier used to link related, grouped records across domains. | G10: Perm
A11: ECTRT | B11: Name of Treatment | C11: Char | E11: Topic | F11: Name of the intervention treatment known to the subject and/or administrator. | G11: Req
A12: ECMOOD | B12: Mood | C12: Char | D12: (BRDGMOOD) | E12: Record Qualifier | F12: Mode or condition of the record specifying whether the intervention (activity) is intended to happen or has happened. Values align with BRIDG pillars (e.g., scheduled context, performed context) and HL7 activity moods (e.g., intent, event). Examples: "SCHEDULED", "PERFORMED". | G12: Perm
A13: ECCAT | B13: Category of Treatment | C13: Char | E13: Grouping Qualifier | F13: Used to define a category of related ECTRT values. | G13: Perm
A14: ECSCAT | B14: Subcategory of Treatment | C14: Char | E14: Grouping Qualifier | F14: A further categorization of ECCAT values. | G14: Perm
A15: ECPRESP | B15: Pre-Specified | C15: Char | D15: (NY) | E15: Variable Qualifier | F15: Used when a specific intervention is pre-specified. Values should be "Y" or null. | G15: Perm
A16: ECOCCUR | B16: Occurrence | C16: Char | D16: (NY) | E16: Record Qualifier | F16: Used to indicate whether a treatment occurred when information about the occurrence is solicited. ECOCCUR = "N" when a treatment was not taken, not given, or missed. | G16: Perm
A17: ECREASOC | B17: Reason for Occur Value | C17: Char | E17: Record Qualifier | F17: The reason for the value in --OCCUR. If --OCCUR = "N", this is the reason the exposure did not occur. | G17: Perm
A18: ECDOSE | B18: Dose | C18: Num | E18: Record Qualifier | F18: Amount of ECTRT when numeric. Not populated when ECDOSTXT is populated. | G18: Exp
A19: ECDOSTXT | B19: Dose Description | C19: Char | E19: Record Qualifier | F19: Amount of ECTRT when non-numeric. Dosing amounts or a range of dosing information collected in text form. Example: "200-400". Not populated when ECDOSE is populated. | G19: Perm
A20: ECDOSU | B20: Dose Units | C20: Char | D20: (UNIT) | E20: Variable Qualifier | F20: Units for ECDOSE, ECDOSTOT, or ECDOSTXT. | G20: Exp
A21: ECDOSFRM | B21: Dose Form | C21: Char | D21: (FRM) | E21: Variable Qualifier | F21: Dose form for ECTRT. Examples: "TABLET", "LOTION". | G21: Exp
A22: ECDOSFRQ | B22: Dosing Frequency per Interval | C22: Char | D22: (FREQ) | E22: Variable Qualifier | F22: Usually expressed as the number of repeated administrations of ECDOSE within a specific time period. Examples: "Q2H", "QD", "BID". | G22: Perm
A23: ECDOSTOT | B23: Total Daily Dose | C23: Num | E23: Record Qualifier | F23: Total daily dose of ECTRT using the units in ECDOSU. Used when dosing is collected as Total Daily Dose. | G23: Perm
A24: ECDOSRGM | B24: Intended Dose Regimen | C24: Char | E24: Variable Qualifier | F24: Text description of the intended schedule or regimen for the Intervention. Example: "TWO WEEKS ON", "TWO WEEKS OFF". | G24: Perm
A25: ECROUTE | B25: Route of Administration | C25: Char | D25: (ROUTE) | E25: Variable Qualifier | F25: Route of administration for the intervention. Examples: "ORAL", "INTRAVENOUS". | G25: Perm
A26: ECLOT | B26: Lot Number | C26: Char | E26: Record Qualifier | F26: Lot Number of the ECTRT product. | G26: Perm
A27: ECLOC | B27: Location of Dose Administration | C27: Char | D27: (LOC) | E27: Record Qualifier | F27: Specifies location of administration. Example: "ARM", "LIP". | G27: Perm
A28: ECLAT | B28: Laterality | C28: Char | D28: (LAT) | E28: Variable Qualifier | F28: Qualifier for anatomical location further detailing laterality of the intervention administration. Examples: "LEFT", "RIGHT". | G28: Perm
A29: ECDIR | B29: Directionality | C29: Char | D29: (DIR) | E29: Variable Qualifier | F29: Qualifier for anatomical location further detailing directionality. Examples: "ANTERIOR", "LOWER", "PROXIMAL", "UPPER". | G29: Perm
A30: ECPORTOT | B30: Portion or Totality | C30: Char | D30: (PORTOT) | E30: Variable Qualifier | F30: Qualifier for anatomical location further detailing distribution, which means arrangement of, apportioning of. Examples: "ENTIRE", "SINGLE", "SEGMENT". | G30: Perm
A31: ECFAST | B31: Fasting Status | C31: Char | D31: (NY) | E31: Record Qualifier | F31: Indicator used to identify fasting status. Examples: "Y", "N". | G31: Perm
A32: ECPSTRG | B32: Pharmaceutical Strength | C32: Num | E32: Record Qualifier | F32: Amount of an active ingredient expressed quantitatively per dosage unit, per unit of volume, or per unit of weight, according to the pharmaceutical dose form. | G32: Perm
A33: ECPSTRGU | B33: Pharmaceutical Strength Units | C33: Char | D33: (UNIT) | E33: Variable Qualifier | F33: Unit for ECPSTRG. Examples: "mg/TABLET", "mg/mL". | G33: Perm
A34: ECADJ | B34: Reason for Dose Adjustment | C34: Char | E34: Record Qualifier | F34: Describes reason or explanation of why a dose is adjusted. | G34: Perm
A35: TAETORD | B35: Planned Order of Element within Arm | C35: Num | E35: Timing | F35: Number that gives the planned order of the Element within the Arm. | G35: Perm
A36: EPOCH | B36: Epoch | C36: Char | D36: (EPOCH) | E36: Timing | F36: Trial Epoch of the exposure as collected record. Examples: "RUN-IN", "TREATMENT". | G36: Perm
A37: ECSTDTC | B37: Start Date/Time of Treatment | C37: Char | D37: ISO 8601 datetime or interval | E37: Timing | F37: The date/time when administration of the treatment indicated by ECTRT and ECDOSE began. | G37: Exp
A38: ECENDTC | B38: End Date/Time of Treatment | C38: Char | D38: ISO 8601 datetime or interval | E38: Timing | F38: The date/time when administration of the treatment indicated by ECTRT and ECDOSE ended. For administrations considered given at a point in time (e.g., oral tablet, pre-filled syringe injection), where only an administration date/time is collected, ECSTDTC should be copied to ECENDTC as the standard representation. | G38: Exp
A39: ECSTDY | B39: Study Day of Start of Treatment | C39: Num | E39: Timing | F39: Study day of ECSTDTC relative to the sponsor-defined DM.RFSTDTC. | G39: Perm
A40: ECENDY | B40: Study Day of End of Treatment | C40: Num | E40: Timing | F40: Study day of ECENDTC relative to the sponsor-defined DM.RFSTDTC. | G40: Perm
A41: ECDUR | B41: Duration of Treatment | C41: Char | D41: ISO 8601 duration | E41: Timing | F41: Collected duration of administration. Used only if collected on the CRF and not derived from start and end date/times. | G41: Perm
A42: ECTPT | B42: Planned Time Point Name | C42: Char | E42: Timing | F42: Text Description of time when administration should occur. This may be represented as an elapsed time relative to a fixed reference point, such as time of last dose. See ECTPTNUM and ECTPTREF. | G42: Perm
A43: ECTPTNUM | B43: Planned Time Point Number | C43: Num | E43: Timing | F43: Numerical version of ECTPT to aid in sorting. | G43: Perm
A44: ECELTM | B44: Planned Elapsed Time from Time Point Ref | C44: Char | D44: ISO 8601 duration | E44: Timing | F44: Planned elapsed time relative to the planned fixed reference (ECTPTREF). This variable is useful where there are repetitive measures. Not a clock time. | G44: Perm
A45: ECTPTREF | B45: Time Point Reference | C45: Char | E45: Timing | F45: Name of the fixed reference point referred to by ECELTM, ECTPTNUM, and ECTPT. Examples: PREVIOUS DOSE, PREVIOUS MEAL. | G45: Perm
A46: ECRFTDTC | B46: Date/Time of Reference Time Point | C46: Char | D46: ISO 8601 datetime or interval | E46: Timing | F46: Date/time for a fixed reference time point defined by ECTPTREF. | G46: Perm

Sheet EX
A1: Variable Name | B1: Variable Label | C1: Type | D1: Controlled Terms, Codelist or Format | E1: Role | F1: CDISC Notes | G1: Core
A2: STUDYID | B2: Study Identifier | C2: Char | E2: Identifier | F2: Unique identifier for a study. | G2: Req
A3: DOMAIN | B3: Domain Abbreviation | C3: Char | D3: EX | E3: Identifier | F3: Two-character abbreviation for the domain. | G3: Req
A4: USUBJID | B4: Unique Subject Identifier | C4: Char | E4: Identifier | F4: Identifier used to uniquely identify a subject across all studies for all applications or submissions involving the product. | G4: Req
A5: EXSEQ | B5: Sequence Number | C5: Num | E5: Identifier | F5: Sequence Number given to ensure uniqueness of subject records within a domain. May be any valid number. | G5: Req
A6: EXGRPID | B6: Group ID | C6: Char | E6: Identifier | F6: Used to tie together a block of related records in a single domain for a subject. | G6: Perm
A7: EXREFID | B7: Reference ID | C7: Char | E7: Identifier | F7: Internal or external identifier (e.g., kit number, bottle label, vial identifier). | G7: Perm
A8: EXSPID | B8: Sponsor-Defined Identifier | C8: Char | E8: Identifier | F8: Sponsor-defined reference number. Perhaps pre-printed on the CRF as an explicit line identifier or defined in the sponsor's operational database. Example: Line number on a CRF Page. | G8: Perm
A9: EXLNKID | B9: Link ID | C9: Char | E9: Identifier | F9: Identifier used to link related records across domains. | G9: Perm
A10: EXLNKGRP | B10: Link Group ID | C10: Char | E10: Identifier | F10: Identifier used to link related, grouped records across domains. | G10: Perm
A11: EXTRT | B11: Name of Treatment | C11: Char | E11: Topic | F11: Name of the protocol-specified study treatment given during the dosing period for the observation. | G11: Req
A12: EXCAT | B12: Category of Treatment | C12: Char | E12: Grouping Qualifier | F12: Used to define a category of EXTRT values. | G12: Perm
A13: EXSCAT | B13: Subcategory of Treatment | C13: Char | E13: Grouping Qualifier | F13: A further categorization of EXCAT values. | G13: Perm
A14: EXDOSE | B14: Dose | C14: Num | E14: Record Qualifier | F14: Amount of EXTRT when numeric. Not populated when EXDOSTXT is populated. | G14: Exp
A15: EXDOSTXT | B15: Dose Description | C15: Char | E15: Record Qualifier | F15: Amount of EXTRT when non-numeric. Dosing amounts or a range of dosing information collected in text form. Example: 200-400. Not populated when EXDOSE is populated. | G15: Perm
A16: EXDOSU | B16: Dose Units | C16: Char | D16: (UNIT) | E16: Variable Qualifier | F16: Units for EXDOSE, EXDOSTOT, or EXDOSTXT representing protocol-specified values. Examples: "ng", "mg", "mg/kg", "mg/m2". | G16: Exp
A17: EXDOSFRM | B17: Dose Form | C17: Char | D17: (FRM) | E17: Variable Qualifier | F17: Dose form for EXTRT. Examples: "TABLET", "LOTION". | G17: Exp
A18: EXDOSFRQ | B18: Dosing Frequency per Interval | C18: Char | D18: (FREQ) | E18: Variable Qualifier | F18: Usually expressed as the number of repeated administrations of EXDOSE within a specific time period. Examples: "Q2H", "QD", "BID". | G18: Perm
A19: EXDOSRGM | B19: Intended Dose Regimen | C19: Char | E19: Variable Qualifier | F19: Text description of the intended schedule or regimen for the Intervention. Example: "TWO WEEKS ON, TWO WEEKS OFF". | G19: Perm
A20: EXROUTE | B20: Route of Administration | C20: Char | D20: (ROUTE) | E20: Variable Qualifier | F20: Route of administration for the intervention. Examples: "ORAL", "INTRAVENOUS". | G20: Perm
A21: EXLOT | B21: Lot Number | C21: Char | E21: Record Qualifier | F21: Lot number of the intervention product. | G21: Perm
A22: EXLOC | B22: Location of Dose Administration | C22: Char | D22: (LOC) | E22: Record Qualifier | F22: Specifies location of administration. Examples: "ARM", "LIP". | G22: Perm
A23: EXLAT | B23: Laterality | C23: Char | D23: (LAT) | E23: Variable Qualifier | F23: Qualifier for anatomical location further detailing laterality of the intervention administration. Examples: "LEFT", "RIGHT". | G23: Perm
A24: EXDIR | B24: Directionality | C24: Char | D24: (DIR) | E24: Variable Qualifier | F24: Qualifier for anatomical location further detailing directionality. Examples: "ANTERIOR", "LOWER", "PROXIMAL", "UPPER". | G24: Perm
A25: EXFAST | B25: Fasting Status | C25: Char | D25: (NY) | E25: Record Qualifier | F25: Indicator used to identify fasting status. Examples: "Y", "N". | G25: Perm
A26: EXADJ | B26: Reason for Dose Adjustment | C26: Char | E26: Record Qualifier | F26: Describes reason or explanation of why a dose is adjusted. | G26: Perm
A27: TAETORD | B27: Planned Order of Element within Arm | C27: Num | E27: Timing | F27: Number that gives the planned order of the Element within the Arm. | G27: Perm
A28: EPOCH | B28: Epoch | C28: Char | D28: (EPOCH) | E28: Timing | F28: Trial Epoch of the Exposure record. Examples: "RUN-IN", "TREATMENT". | G28: Perm
A29: EXSTDTC | B29: Start Date/Time of Treatment | C29: Char | D29: ISO 8601 datetime or interval | E29: Timing | F29: The date/time when administration of the treatment indicated by EXTRT and EXDOSE began. | G29: Exp
A30: EXENDTC | B30: End Date/Time of Treatment | C30: Char | D30: ISO 8601 datetime or interval | E30: Timing | F30: The date/time when administration of the treatment indicated by EXTRT and EXDOSE ended. For administrations considered given at a point in time (e.g., oral tablet, pre-filled syringe injection), where only an administration date/time is collected, EXSTDTC should be copied to EXENDTC as the standard representation. | G30: Exp
A31: EXSTDY | B31: Study Day of Start of Treatment | C31: Num | E31: Timing | F31: Study day of EXSTDTC relative to DM.RFSTDTC. | G31: Perm
A32: EXENDY | B32: Study Day of End of Treatment | C32: Num | E32: Timing | F32: Study day of EXENDTC relative to DM.RFSTDTC. | G32: Perm
A33: EXDUR | B33: Duration of Treatment | C33: Char | D33: ISO 8601 duration | E33: Timing | F33: Collected duration of administration. Used only if collected on the CRF and not derived from start and end date/times. | G33: Perm
A34: EXTPT | B34: Planned Time Point Name | C34: Char | E34: Timing | F34: 1. Text Description of time when administration should occur. 2. This may be represented as an elapsed time relative to a fixed reference point, such as time of last dose. See EXTPTNUM and EXTPTREF. | G34: Perm
A35: EXTPTNUM | B35: Planned Time Point Number | C35: Num | E35: Timing | F35: Numerical version of EXTPT to aid in sorting. | G35: Perm
A36: EXELTM | B36: Planned Elapsed Time from Time Point Ref | C36: Char | D36: ISO 8601 duration | E36: Timing | F36: Planned elapsed time relative to the planned fixed reference (EXTPTREF). This variable is useful where there are repetitive measures. Not a clock time. | G36: Perm
A37: EXTPTREF | B37: Time Point Reference | C37: Char | E37: Timing | F37: Name of the fixed reference point referred to by EXELTM, EXTPTNUM, and EXTPT. Examples: PREVIOUS DOSE, PREVIOUS MEAL. | G37: Perm
A38: EXRFTDTC | B38: Date/Time of Reference Time Point | C38: Char | D38: ISO 8601 datetime or interval | E38: Timing | F38: Date/time for a fixed reference time point defined by EXTPTREF. | G38: Perm

Sheet LB
A1: Variable Name | B1: Variable Label | C1: Type | D1: Controlled Terms, Codelist or Format | E1: Role | F1: CDISC Notes | G1: Core
A2: STUDYID | B2: Study Identifier | C2: Char | E2: Identifier | F2: Unique identifier for a study. | G2: Req
A3: DOMAIN | B3: Domain Abbreviation | C3: Char | D3: LB | E3: Identifier | F3: Two-character abbreviation for the domain. | G3: Req
A4: USUBJID | B4: Unique Subject Identifier | C4: Char | E4: Identifier | F4: Identifier used to uniquely identify a subject across all studies for all applications or submissions involving the product. | G4: Req
A5: LBSEQ | B5: Sequence Number | C5: Num | E5: Identifier | F5: Sequence number given to ensure uniqueness of subject records within a domain. May be any valid number. | G5: Req
A6: LBGRPID | B6: Group ID | C6: Char | E6: Identifier | F6: Used to tie together a block of related records in a single domain for a subject. | G6: Perm
A7: LBREFID | B7: Specimen ID | C7: Char | E7: Identifier | F7: Internal or external specimen identifier. Example: Specimen ID. | G7: Perm
A8: LBSPID | B8: Sponsor-Defined Identifier | C8: Char | E8: Identifier | F8: Sponsor-defined reference number. Perhaps preprinted on the CRF as an explicit line identifier or defined in the sponsor's operational database. Example: Line number on the Lab page. | G8: Perm
A9: LBTESTCD | B9: Lab Test or Examination Short Name. | C9: Char | D9: (LBTESTCD) | E9: Topic | F9: Short name of the measurement, test, or examination described in LBTEST. It can be used as a column name when converting a dataset from a vertical to a horizontal format. The value in LBTESTCD cannot be longer than 8 characters, nor can it start with a number (e.g., "1TEST" is not valid). LBTESTCD cannot contain characters other than letters, numbers, or underscores. Examples: "ALT", "LDH". | G9: Req
A10: LBTEST | B10: Lab Test or Examination Name | C10: Char | D10: (LBTEST) | E10: Synonym Qualifier | F10: Verbatim name of the test or examination used to obtain the measurement or finding. Note any test normally performed by a clinical laboratory is considered a lab test. The value in LBTEST cannot be longer than 40 characters. Examples: "Alanine Aminotransferase", "Lactate Dehydrogenase". | G10: Req
A11: LBTSTCND | B11: Test Condition | C11: Char | D11: (TESTCOND) | E11: Variable Qualifier | F11: Identifies any planned condition imposed by the assay system on the specimen at the time the test is performed. | G11: Perm
A12: LBBDAGNT | B12: Binding Agent | C12: Char | E12: Variable Qualifier | F12: The textual description of the agent that is binding to the entity in the LBTEST variable. The LBBDAGNT variable is used to indicate that there is a binding relationship between the entities in the LBTEST and LBBDAGNT variables, regardless of direction. LBBDAGNT is not a method qualifier. It should only be used when the actual interest of the measurement is the binding interaction between the 2 entities in LBTEST and LBBDAGNT. In other words, the combination of LBTEST and LBBDAGNT should describe the thing, the entity, or the analyte being measured, without the need for additional variables. The binding agent may be (but is not limited to) a test article, a portion of the test article, a related compound, or an endogenous molecule. | G12: Perm
A13: LBTSTOPO | B13: Test Operational Objective | C13: Char | D13: (TSTOPOBJ) | E13: Variable Qualifier | F13: Text description of the high-level purpose of the test at the operational level. | G13: Perm
A14: LBCAT | B14: Category for Lab Test | C14: Char | E14: Grouping Qualifier | F14: Used to define a category of related records across subjects. Examples: "HEMATOLOGY", "URINALYSIS", "CHEMISTRY". | G14: Exp
A15: LBSCAT | B15: Subcategory for Lab Test | C15: Char | E15: Grouping Qualifier | F15: A further categorization of a test category such as "DIFFERENTIAL", "COAGULATION", "LIVER FUNCTION", "ELECTROLYTES". | G15: Perm
A16: LBORRES | B16: Result or Finding in Original Units | C16: Char | E16: Result Qualifier | F16: Result of the measurement or finding as originally received or collected. | G16: Exp
A17: LBORRESU | B17: Original Units | C17: Char | D17: (UNIT) | E17: Variable Qualifier | F17: Original units in which the data were collected. The unit for LBORRES. Example: "g/L". | G17: Exp
A18: LBRESSCL | B18: Result Scale | C18: Char | D18: (RSLSCLRS) | E18: Record Qualifier | F18: Classifies the scale of the original result value; for example, whether the result is ordinal, nominal, quantitative, or narrative. | G18: Perm
A19: LBRESTYP | B19: Result Type | C19: Char | D19: (RESTYPRS) | E19: Record Qualifier | F19: Classifies the kind of result (i.e., property type) originally reported for the test. Examples include substance concentration, proportion, mass rate, and arbitrary concentration. | G19: Perm
A20: LBCOLSRT | B20: Collected Summary Result Type | C20: Char | D20: (COLSTYP) | E20: Record Qualifier | F20: Used to indicate the type of collected summary result. This includes source summary results collected on a CRF or provided by an external vendor (e.g., central lab). If the summary result is derived by the sponsor using individual source data records from SDTM, the derived summary result is represented in ADaM. If the summary result is produced and reported by the lab, the collected summary result is represented in SDTM. | G20: Perm
A21: LBORNRLO | B21: Reference Range Lower Limit in Orig Unit | C21: Char | E21: Variable Qualifier | F21: Lower end of reference range for continuous measurement in original units. Should be populated only for continuous results. | G21: Exp
A22: LBORNRHI | B22: Reference Range Upper Limit in Orig Unit | C22: Char | E22: Variable Qualifier | F22: Upper end of reference range for continuous measurement in original units. Should be populated only for continuous results. | G22: Exp
A23: LBLLOD | B23: Lower Limit of Detection | C23: Char | E23: Variable Qualifier | F23: The lowest threshold (as originally received or collected) for reliably detecting the presence or absence of substance measured by a specific test. The value for the field will be as described in documentation from the instrument or lab vendor. | G23: Perm
A24: LBSTRESC | B24: Character Result/Finding in Std Format | C24: Char | D24: (LBSTRESC) | E24: Result Qualifier | F24: Contains the result value for all findings, copied or derived from LBORRES in a standard format or standard units. LBSTRESC should store all results or findings in character format; if results are numeric, they should also be stored in numeric format in LBSTRESN. For example, if a test has results "NONE", "NEG", and "NEGATIVE" in LBORRES and these results effectively have the same meaning, they could be represented in standard format in LBSTRESC as "NEGATIVE". For other examples, see general assumptions. | G24: Exp
A25: LBSTRESN | B25: Numeric Result/Finding in Standard Units | C25: Num | E25: Result Qualifier | F25: Used for continuous or numeric results or findings in standard format; copied in numeric format from LBSTRESC. LBSTRESN should store all numeric test results or findings. | G25: Exp
A26: LBSTRESU | B26: Standard Units | C26: Char | D26: (UNIT) | E26: Variable Qualifier | F26: Standardized unit used for LBSTRESC or LBSTRESN. | G26: Exp
A27: LBSTNRLO | B27: Reference Range Lower Limit-Std Units | C27: Num | E27: Variable Qualifier | F27: Lower end of reference range for continuous measurements for LBSTRESC/LBSTRESN in standardized units. Should be populated only for continuous results. | G27: Exp
A28: LBSTNRHI | B28: Reference Range Upper Limit-Std Units | C28: Num | E28: Variable Qualifier | F28: Upper end of reference range for continuous measurements in standardized units. Should be populated only for continuous results. | G28: Exp
A29: LBSTNRC | B29: Reference Range for Char Rslt-Std Units | C29: Char | E29: Variable Qualifier | F29: For normal range values that are character in ordinal scale or if categorical ranges were supplied (e.g., "-1 to +1", "NEGATIVE TO TRACE"). | G29: Perm
A30: LBNRIND | B30: Reference Range Indicator | C30: Char | D30: (NRIND) | E30: Variable Qualifier | F30: 1. Indicates where the value falls with respect to reference range defined by LBORNRLO and LBORNRHI, LBSTNRLO and LBSTNRHI, or by LBSTNRC. Examples: "NORMAL", "ABNORMAL", "HIGH", "LOW". 2. Sponsors should specify in the study metadata (Comments column in the Define-XML document) whether LBNRIND refers to the original or standard reference ranges and results. 3. Should not be used to indicate clinical significance. | G30: Exp
A31: LBSTAT | B31: Completion Status | C31: Char | D31: (ND) | E31: Record Qualifier | F31: Used to indicate exam not done. Should be null if a result exists in LBORRES. | G31: Perm
A32: LBREASND | B32: Reason Test Not Done | C32: Char | E32: Record Qualifier | F32: Describes why a measurement or test was not performed, e.g., "BROKEN EQUIPMENT", "SUBJECT REFUSED", or "SPECIMEN LOST". Used in conjunction with LBSTAT when value is "NOT DONE". | G32: Perm
A33: LBNAM | B33: Vendor Name | C33: Char | E33: Record Qualifier | F33: The name or identifier of the laboratory that performed the test. | G33: Perm
A34: LBLOINC | B34: LOINC Code | C34: Char | E34: Synonym Qualifier | F34: 1. Code for the lab test from the LOINC code system. 2. The sponsor is expected to provide the dictionary name and version used to map the terms utilizing the Define-XML external codelist attributes. | G34: Perm
A35: LBSPEC | B35: Specimen Type | C35: Char | D35: (SPECTYPE) | E35: Record Qualifier | F35: Defines the type of specimen used for a measurement. Examples: "SERUM", "PLASMA", "URINE", "DNA", "RNA". | G35: Perm
A36: LBSPCCND | B36: Specimen Condition | C36: Char | D36: (SPECCOND) | E36: Record Qualifier | F36: Free or standardized text describing the condition of the specimen, e.g., "HEMOLYZED", "ICTERIC", "LIPEMIC". | G36: Perm
A37: LBSPCUFL | B37: Specimen Usability for the Test | C37: Char | D37: (NY) | E37: Record Qualifier | F37: Describes the usability of the specimen for the test. The value will be "N" if the specimen is not usable, and null if the specimen is usable. | G37: Perm
A38: LBMETHOD | B38: Method of Test or Examination | C38: Char | D38: (METHOD) | E38: Record Qualifier | F38: Method of the test or examination. Examples: "EIA" (Enzyme Immunoassay), "ELECTROPHORESIS", "DIPSTICK". | G38: Perm
A39: LBANMETH | B39: Analysis Method | C39: Char | D39: (LBANMET) | E39: Record Qualifier | F39: Analysis method applied to obtain a summarized result. Analysis method describes the method of secondary processing applied to a complex observation result (e.g., a calculation used to measure eGFR). | G39: Perm
A40: LBTMTHSN | B40: Test Method Sensitivity | C40: Char | D40: (TSTMTHSN) | E40: Record Qualifier | F40: The sensitivity of the test methodology with respect to observation, detection, or quantification. | G40: Perm
A41: LBLOBXFL | B41: Last Observation Before Exposure Flag | C41: Char | D41: (NY) | E41: Record Qualifier | F41: Operationally-derived indicator used to identify the last non-missing value prior to RFXSTDTC. The value should be "Y" or null. | G41: Exp
A42: LBBLFL | B42: Baseline Flag | C42: Char | D42: (NY) | E42: Record Qualifier | F42: Indicator used to identify a baseline value. Should be "Y" or null. Note that LBBLFL is retained for backward compatibility. The authoritative baseline for statistical analysis is in an ADaM dataset. | G42: Perm
A43: LBFAST | B43: Fasting Status | C43: Char | D43: (NY) | E43: Record Qualifier | F43: Indicator used to identify fasting status such as "Y", "N", "U", or null if not relevant. | G43: Perm
A44: LBDRVFL | B44: Derived Flag | C44: Char | D44: (NY) | E44: Record Qualifier | F44: Used to indicate a derived record. The value should be "Y" or null. Records that represent the average of other records, or do not come from the CRF, or are not as originally received or collected are examples of records that might be derived for the submission datasets. If LBDRVFL = "Y", then LBORRES may be null, with LBSTRESC and (if numeric) LBSTRESN having the derived value. | G44: Perm
A45: LBTOX | B45: Toxicity | C45: Char | E45: Variable Qualifier | F45: Description of toxicity quantified by LBTOXGR. The sponsor is expected to provide the name of the scale and version used to map the terms, utilizing the external codelist element in the Define-XML document. | G45: Perm
A46: LBTOXGR | B46: Standard Toxicity Grade | C46: Char | E46: Record Qualifier | F46: Records toxicity grade value using a standard toxicity scale (such as the NCI CTCAE). If value is from a numeric scale, represent only the number (e.g., "2" and not "Grade 2"). The sponsor is expected to provide the name of the scale and version used to map the terms, utilizing the external codelist element in the Define-XML document. | G46: Perm
A47: LBCLSIG | B47: Clinically Significant, Collected | C47: Char | D47: (NY) | E47: Record Qualifier | F47: Used to indicate whether a collected observation is clinically significant based on judgment. | G47: Perm
A48: VISITNUM | B48: Visit Number | C48: Num | E48: Timing | F48: 1. Clinical encounter number. 2. Numeric version of VISIT, used for sorting. | G48: Exp
A49: VISIT | B49: Visit Name | C49: Char | E49: Timing | F49: 1. Protocol-defined description of clinical encounter. 2. May be used in addition to VISITNUM and/or VISITDY. | G49: Perm
A50: VISITDY | B50: Planned Study Day of Visit | C50: Num | E50: Timing | F50: Planned study day of the visit based upon RFSTDTC in Demographics. | G50: Perm
A51: TAETORD | B51: Planned Order of Element within Arm | C51: Num | E51: Timing | F51: Number that gives the planned order of the Element within the Arm. | G51: Perm
A52: EPOCH | B52: Epoch | C52: Char | D52: (EPOCH) | E52: Timing | F52: Epoch associated with the start date/time of the observation, or the date/time of collection if start date/time is not collected. | G52: Perm
A53: LBDTC | B53: Date/Time of Specimen Collection | C53: Char | D53: ISO 8601 datetime or interval | E53: Timing | F53: Date/time of specimen collection represented in ISO 8601 character format. | G53: Exp
A54: LBENDTC | B54: End Date/Time of Specimen Collection | C54: Char | D54: ISO 8601 datetime or interval | E54: Timing | F54: End date/time of specimen collection represented in ISO 8601 character format. | G54: Perm
A55: LBDY | B55: Study Day of Specimen Collection | C55: Num | E55: Timing | F55: 1. Study day of specimen collection, measured as integer days. 2. Algorithm for calculations must be relative to the sponsor-defined RFSTDTC variable in Demographics. This formula should be consistent across the submission. | G55: Perm
A56: LBENDY | B56: Study Day of End of Observation | C56: Num | E56: Timing | F56: Actual study day of end of observation expressed in integer days relative to the sponsor-defined RFSTDTC in Demographics. | G56: Perm
A57: LBTPT | B57: Planned Time Point Name | C57: Char | E57: Timing | F57: 1. Text description of time when specimen should be taken. 2. This may be represented as an elapsed time relative to a fixed reference point, such as time of last dose. See LBTPTNUM and LBTPTREF. Examples: "Start", "5 min post". | G57: Perm
A58: LBTPTNUM | B58: Planned Time Point Number | C58: Num | E58: Timing | F58: Numerical version of LBTPT to aid in sorting. | G58: Perm
A59: LBELTM | B59: Planned Elapsed Time from Time Point Ref | C59: Char | D59: ISO 8601 duration | E59: Timing | F59: Planned elapsed time (in ISO 8601) relative to a planned fixed reference (LBTPTREF). This variable is useful where there are repetitive measures. Not a clock time or a date/time variable. Represented as ISO 8601 duration. Examples: "-PT15M" to represent the period of 15 minutes prior to the reference point indicated by LBTPTREF, or "PT8H" to represent the period of 8 hours after the reference point indicated by LBTPTREF. | G59: Perm
A60: LBTPTREF | B60: Time Point Reference | C60: Char | E60: Timing | F60: Name of the fixed reference point referred to by LBELTM, LBTPTNUM, and LBTPT. Examples: PREVIOUS DOSE, PREVIOUS MEAL. | G60: Perm
A61: LBRFTDTC | B61: Date/Time of Reference Time Point | C61: Char | D61: ISO 8601 datetime or interval | E61: Timing | F61: Date/time of the reference time point, LBTPTREF. | G61: Perm
A62: LBPTFL | B62: Point in Time Flag | C62: Char | D62: (NY) | E62: Timing | F62: An indication that the specimen was collected at a single point in time. The value is "Y" or null. The intent of this variable in the LB domain is to aid mapping to LOINC codes in the dataset, when LOINC part "Time Aspect" = "Pt". | G62: Perm
A63: LBPDUR | B63: Planned Duration | C63: Char | D63: ISO 8601 duration | E63: Timing | F63: Planned duration of specimen collection. If LBPTFL is "Y" then LBPDUR is null. | G63: Perm

Sheet CM
A1: Variable Name | B1: Variable Label | C1: Type | D1: Controlled Terms, Codelist or Format | E1: Role | F1: CDISC Notes | G1: Core
A2: STUDYID | B2: Study Identifier | C2: Char | E2: Identifier | F2: Unique identifier for a study. | G2: Req
A3: DOMAIN | B3: Domain Abbreviation | C3: Char | D3: CM | E3: Identifier | F3: Two-character abbreviation for the domain. | G3: Req
A4: USUBJID | B4: Unique Subject Identifier | C4: Char | E4: Identifier | F4: Identifier used to uniquely identify a subject across all studies for all applications or submissions involving the product. | G4: Req
A5: CMSEQ | B5: Sequence Number | C5: Num | E5: Identifier | F5: Sequence number to ensure uniqueness of subject records within a domain. May be any valid number. | G5: Req
A6: CMGRPID | B6: Group ID | C6: Char | E6: Identifier | F6: Used to tie together a block of related records in a single domain for a subject. | G6: Perm
A7: CMSPID | B7: Sponsor-Defined Identifier | C7: Char | E7: Identifier | F7: Sponsor-defined reference number. Example: a number pre-printed on the CRF as an explicit line identifier or record identifier defined in the sponsor's operational database. Example: line number on a concomitant medication page. | G7: Perm
A8: CMTRT | B8: Reported Name of Drug, Med, or Therapy | C8: Char | E8: Topic | F8: Verbatim medication name that is either pre-printed or collected on a CRF. | G8: Req
A9: CMMODIFY | B9: Modified Reported Name | C9: Char | E9: Synonym Qualifier | F9: If CMTRT is modified to facilitate coding, then CMMODIFY will contain the modified text. | G9: Perm
A10: CMDECOD | B10: Standardized Medication Name | C10: Char | E10: Synonym Qualifier | F10: Standardized or dictionary-derived text description of CMTRT or CMMODIFY. Equivalent to the generic drug name in WHO Drug. The sponsor is expected to provide the dictionary name and version used to map the terms utilizing the external codelist element in the Define-XML document. If an intervention term does not have a decode value in the dictionary, then CMDECOD will be left blank. | G10: Perm
A11: CMCAT | B11: Category for Medication | C11: Char | E11: Grouping Qualifier | F11: Used to define a category of medications/treatment. Examples: "PRIOR", "CONCOMITANT", "ANTI-CANCER MEDICATION", or "GENERAL CONMED". | G11: Perm
A12: CMSCAT | B12: Subcategory for Medication | C12: Char | E12: Grouping Qualifier | F12: A further categorization of medications/treatment. Examples: "CHEMOTHERAPY", "HORMONAL THERAPY", "ALTERNATIVE THERAPY". | G12: Perm
A13: CMPRESP | B13: CM Pre-specified | C13: Char | D13: (NY) | E13: Variable Qualifier | F13: Used to indicate whether ("Y"/null) information about the use of a specific medication was solicited on the CRF. | G13: Perm
A14: CMOCCUR | B14: CM Occurrence | C14: Char | D14: (NY) | E14: Record Qualifier | F14: When the use of a specific medication is solicited. CMOCCUR is used to indicate whether or not ("Y"/"N") use of the medication occurred. Values are null for medications not specifically solicited. | G14: Perm
A15: CMSTAT | B15: Completion Status | C15: Char | D15: (ND) | E15: Record Qualifier | F15: Used to indicate that a question about the occurrence of a pre-specified intervention was not answered. Should be null or have a value of "NOT DONE". | G15: Perm
A16: CMREASND | B16: Reason Medication Not Collected | C16: Char | E16: Record Qualifier | F16: Reason not done. Used in conjunction with CMSTAT when value is "NOT DONE". | G16: Perm
A17: CMINDC | B17: Indication | C17: Char | E17: Record Qualifier | F17: Denotes why a medication was taken or administered. Examples: "NAUSEA", "HYPERTENSION". | G17: Perm
A18: CMCLAS | B18: Medication Class | C18: Char | E18: Variable Qualifier | F18: Drug class. May be obtained from coding. When coding to a single class, populate with class value. If using a dictionary and coding to multiple classes, then follow Section 4.2.8.3, Multiple Values for a Non-Result Qualifier Variable, or omit CMCLAS. | G18: Perm
A19: CMCLASCD | B19: Medication Class Code | C19: Char | E19: Variable Qualifier | F19: Class code corresponding to CMCLAS. Drug class. May be obtained from coding. When coding to a single class, populate with class code. If using a dictionary and coding to multiple classes, then follow Section 4.2.8.3, Multiple Values for a Non-Result Qualifier Variable, or omit CMCLASCD. | G19: Perm
A20: CMDOSE | B20: Dose per Administration | C20: Num | E20: Record Qualifier | F20: Amount of CMTRT given. Not populated when CMDOSTXT is populated. | G20: Perm
A21: CMDOSTXT | B21: Dose Description | C21: Char | E21: Record Qualifier | F21: Dosing amounts or a range of dosing information collected in text form. Units may be stored in CMDOSU. Examples: "200-400", "15-20". Not populated when CMDOSE is populated. | G21: Perm
A22: CMDOSU | B22: Dose Units | C22: Char | D22: (UNIT) | E22: Variable Qualifier | F22: Units for CMDOSE, CMDOSTOT, or CMDOSTXT. Examples: "ng", "mg", or "mg/kg". | G22: Perm
A23: CMDOSFRM | B23: Dose Form | C23: Char | D23: (FRM) | E23: Variable Qualifier | F23: Dose form for CMTRT. Examples: "TABLET", "LOTION". | G23: Perm
A24: CMDOSFRQ | B24: Dosing Frequency per Interval | C24: Char | D24: (FREQ) | E24: Variable Qualifier | F24: Usually expressed as the number of repeated administrations of CMDOSE within a specific time period. Examples: "BID" (twice daily), "Q12H" (every 12 hours). | G24: Perm
A25: CMDOSTOT | B25: Total Daily Dose | C25: Num | E25: Record Qualifier | F25: Total daily dose of CMTRT using the units in CMDOSU. Used when dosing is collected as Total Daily Dose. Total dose over a period other than day could be recorded in a separate Supplemental Qualifier variable. | G25: Perm
A26: CMDOSRGM | B26: Intended Dose Regimen | C26: Char | E26: Variable Qualifier | F26: Text description of the (intended) schedule or regimen for the Intervention. Example: "TWO WEEKS ON, TWO WEEKS OFF". | G26: Perm
A27: CMROUTE | B27: Route of Administration | C27: Char | D27: (ROUTE) | E27: Variable Qualifier | F27: Route of administration for the intervention. Examples: "ORAL", "INTRAVENOUS". | G27: Perm
A28: CMADJ | B28: Reason for Dose Adjustment | C28: Char | E28: Record Qualifier | F28: Describes reason or explanation of why a dose is adjusted. Examples: "ADVERSE EVENT", "INSUFFICIENT RESPONSE", "NON-MEDICAL REASON". | G28: Perm
A29: CMRSDISC | B29: Reason the Intervention Was Discontinued | C29: Char | E29: Record Qualifier | F29: When dosing of a treatment is recorded over multiple successive records, this variable is applicable only for the (chronologically) last record for the treatment. | G29: Perm
A30: TAETORD | B30: Planned Order of Element within Arm | C30: Num | E30: Timing | F30: Number that gives the planned order of the Element within the Arm for the Element in which the medication administration started. Null for medications that started before study participation. | G30: Perm
A31: EPOCH | B31: Epoch | C31: Char | D31: (EPOCH) | E31: Timing | F31: Epoch associated with the start date/time of the medication administration. Null for medications that started before study participation. | G31: Perm
A32: CMSTDTC | B32: Start Date/Time of Medication | C32: Char | D32: ISO 8601 | E32: Timing | F32: Start date/time of the medication administration represented in ISO 8601 character format. | G32: Perm
A33: CMENDTC | B33: End Date/Time of Medication | C33: Char | D33: ISO 8601 | E33: Timing | F33: End date/time of the medication administration represented in ISO 8601 character format. | G33: Perm
A34: CMSTDY | B34: Study Day of Start of Medication | C34: Num | E34: Timing | F34: Study day of start of medication relative to the sponsor-defined RFSTDTC. | G34: Perm
A35: CMENDY | B35: Study Day of End of Medication | C35: Num | E35: Timing | F35: Study day of end of medication relative to the sponsor-defined RFSTDTC. | G35: Perm
A36: CMDUR | B36: Duration | C36: Char | D36: ISO 8601 | E36: Timing | F36: Collected duration for a treatment episode. Used only if collected on the CRF and not derived from start and end date/times. | G36: Perm
A37: CMSTRF | B37: Start Relative to Reference Period | C37: Char | D37: (STENRF) | E37: Timing | F37: Describes the start of the medication relative to sponsor-defined reference period. The sponsor-defined reference period is a continuous period of time defined by a discrete starting point and a discrete ending point (represented by RFSTDTC and RFENDTC in Demographics). If information such as "PRIOR" was collected, this information may be translated into CMSTRF. Not all values of the codelist are allowable for this variable. See Section 4.4.7, Use of Relative Timing Variables. | G37: Perm
A38: CMENRF | B38: End Relative to Reference Period | C38: Char | D38: (STENRF) | E38: Timing | F38: Describes the end of the medication relative to the sponsor-defined reference period. The sponsor-defined reference period is a continuous period of time defined by a discrete starting point and a discrete ending point (represented by RFSTDTC and RFENDTC in Demographics). If information such as "PRIOR", "ONGOING, or "CONTINUING" was collected, this information may be translated into CMENRF. Not all values of the codelist are allowable for this variable. See Section 4.4.7, Use of Relative Timing Variables. | G38: Perm
A39: CMSTRTPT | B39: Start Relative to Reference Time Point | C39: Char | D39: (STENRF) | E39: Timing | F39: Identifies the start of the medication as being before or after the sponsor-defined reference time point defined by variable CMSTTPT. Not all values of the codelist are allowable for this variable. See Section 4.4.7, Use of Relative Timing Variables. | G39: Perm
A40: CMSTTPT | B40: Start Reference Time Point | C40: Char | E40: Timing | F40: Description or date/time in ISO 8601 character format of the sponsor-defined reference point referred to by CMSTRTPT. Examples: "2003-12-15" or "VISIT 1". | G40: Perm
A41: CMENRTPT | B41: End Relative to Reference Time Point | C41: Char | D41: (STENRF) | E41: Timing | F41: Identifies the end of the medication as being before or after the sponsor-defined reference time point defined by variable CMENTPT. Not all values of the codelist are allowable for this variable. See Section 4.4.7, Use of Relative Timing Variables. | G41: Perm
A42: CMENTPT | B42: End Reference Time Point | C42: Char | E42: Timing | F42: Description or date/time in ISO 8601 character format of the sponsor-defined reference point referred to by CMENRTPT. Examples: "2003-12-25" or "VISIT 2". | G42: Perm

Sheet VS
A1: Variable Name | B1: Variable Label | C1: Type | D1: Controlled Terms, Codelist or Format | E1: Role | F1: CDISC Notes | G1: Core
A2: STUDYID | B2: Study Identifier | C2: Char | E2: Identifier | F2: Unique identifier for a study. | G2: Req
A3: DOMAIN | B3: Domain Abbreviation | C3: Char | D3: VS | E3: Identifier | F3: Two-character abbreviation for the domain. | G3: Req
A4: USUBJID | B4: Unique Subject Identifier | C4: Char | E4: Identifier | F4: Identifier used to uniquely identify a subject across all studies for all applications or submissions involving the product. | G4: Req
A5: VSSEQ | B5: Sequence Number | C5: Num | E5: Identifier | F5: Sequence number given to ensure uniqueness of subject records within a domain. May be any valid number. | G5: Req
A6: VSGRPID | B6: Group ID | C6: Char | E6: Identifier | F6: Used to tie together a block of related records in a single domain for a subject. | G6: Perm
A7: VSSPID | B7: Sponsor-Defined Identifier | C7: Char | E7: Identifier | F7: Sponsor-defined reference number. Perhaps pre-printed on the CRF as an explicit line identifier or defined in the sponsor's operational database. | G7: Perm
A8: VSTESTCD | B8: Vital Signs Test Short Name | C8: Char | D8: (VSTESTCD) | E8: Topic | F8: Short name of the measurement, test, or examination described in VSTEST. It can be used as a column name when converting a dataset from a vertical to a horizontal format. The value in VSTESTCD cannot be longer than 8 characters, nor can it start with a number (e.g., "1TEST" is not valid). VSTESTCD cannot contain characters other than letters, numbers, or underscores. Examples: "SYSBP", "DIABP", "BMI". | G8: Req
A9: VSTEST | B9: Vital Signs Test Name | C9: Char | D9: (VSTEST) | E9: Synonym Qualifier | F9: Verbatim name of the test or examination used to obtain the measurement or finding. The value in VSTEST cannot be longer than 40 characters. Examples: "Systolic Blood Pressure", "Diastolic Blood Pressure", "Body Mass Index". | G9: Req
A10: VSCAT | B10: Category for Vital Signs | C10: Char | E10: Grouping Qualifier | F10: Used to define a category of related records. | G10: Perm
A11: VSSCAT | B11: Subcategory for Vital Signs | C11: Char | E11: Grouping Qualifier | F11: A further categorization of a measurement or examination. | G11: Perm
A12: VSPOS | B12: Vital Signs Position of Subject | C12: Char | D12: (POSITION) | E12: Record Qualifier | F12: Position of the subject during a measurement or examination. Examples: "SUPINE", "STANDING", "SITTING". | G12: Perm
A13: VSORRES | B13: Result or Finding in Original Units | C13: Char | E13: Result Qualifier | F13: Result of the vital signs measurement as originally received or collected. | G13: Exp
A14: VSORRESU | B14: Original Units | C14: Char | D14: (VSRESU) | E14: Variable Qualifier | F14: Original units in which the data were collected. The unit for VSORRES. Examples: "in", "LB", "beats/min". | G14: Exp
A15: VSSTRESC | B15: Character Result/Finding in Std Format | C15: Char | E15: Result Qualifier | F15: Contains the result value for all findings, copied or derived from VSORRES in a standard format or standard units. VSSTRESC should store all results or findings in character format; if results are numeric, they should also be stored in numeric format in VSSTRESN. For example, if a test has results "NONE", "NEG", and "NEGATIVE" in VSORRES, and these results effectively have the same meaning, they could be represented in standard format in VSSTRESC as "NEGATIVE". | G15: Exp
A16: VSSTRESN | B16: Numeric Result/Finding in Standard Units | C16: Num | E16: Result Qualifier | F16: Used for continuous or numeric results or findings in standard format; copied in numeric format from VSSTRESC. VSSTRESN should store all numeric test results or findings. | G16: Exp
A17: VSSTRESU | B17: Standard Units | C17: Char | D17: (VSRESU) | E17: Variable Qualifier | F17: Standardized unit used for VSSTRESC and VSSTRESN. | G17: Exp
A18: VSSTAT | B18: Completion Status | C18: Char | D18: (ND) | E18: Record Qualifier | F18: Used to indicate that a vital sign measurement was not done. Should be null if a result exists in VSORRES. | G18: Perm
A19: VSREASND | B19: Reason Not Performed | C19: Char | E19: Record Qualifier | F19: Describes why a measurement or test was not performed. Examples: "BROKEN EQUIPMENT" or "SUBJECT REFUSED". Used in conjunction with VSSTAT when value is "NOT DONE". | G19: Perm
A20: VSLOC | B20: Location of Vital Signs Measurement | C20: Char | D20: (LOC) | E20: Record Qualifier | F20: Location relevant to the collection of Vital Signs measurement. Example: "ARM" for blood pressure. | G20: Perm
A21: VSLAT | B21: Laterality | C21: Char | D21: (LAT) | E21: Result Qualifier | F21: Qualifier for anatomical location or specimen further detailing laterality. Examples: "RIGHT", "LEFT", "BILATERAL". | G21: Perm
A22: VSLOBXFL | B22: Last Observation Before Exposure Flag | C22: Char | D22: (NY) | E22: Record Qualifier | F22: Operationally-derived indicator used to identify the last non-missing value prior to RFXSTDTC. Should be "Y" or null. | G22: Exp
A23: VSBLFL | B23: Baseline Flag | C23: Char | D23: (NY) | E23: Record Qualifier | F23: Indicator used to identify a baseline value. Should be "Y" or null. Note that VSBLFL is retained for backward compatibility. The authoritative baseline for statistical analysis is in an ADaM dataset. | G23: Perm
A24: VSDRVFL | B24: Derived Flag | C24: Char | D24: (NY) | E24: Record Qualifier | F24: Used to indicate a derived record. The value should be "Y" or null. Records that represent the average of other records or that do not come from the CRF are examples of records that would be derived for the submission datasets. If VSDRVFL = "Y," then VSORRES may be null, with VSSTRESC and (if numeric) VSSTRESN having the derived value. | G24: Perm
A25: VSTOX | B25: Toxicity | C25: Char | E25: Variable Qualifier | F25: Description of toxicity quantified by VSTOXGR. The sponsor is expected to provide the name of the scale and version used to map the terms, utilizing the external codelist element in the Define-XML document. | G25: Perm
A26: VSTOXGR | B26: Standard Toxicity Grade | C26: Char | E26: Record Qualifier | F26: Records toxicity grade value using a standard toxicity scale (e.g., NCI CTCAE). If value is from a numeric scale, represent only the number (e.g., "2", not "Grade 2"). The sponsor is expected to provide the name of the scale and version used to map the terms, utilizing the external codelist element in the Define-XML document. | G26: Perm
A27: VSCLSIG | B27: Clinically Significant, Collected | C27: Char | D27: (NY) | E27: Record Qualifier | F27: Used to indicate whether a collected observation is clinically significant based on judgment. | G27: Perm
A28: VISITNUM | B28: Visit Number | C28: Num | E28: Timing | F28: 1. Clinical encounter number. 2. Numeric version of VISIT, used for sorting. | G28: Exp
A29: VISIT | B29: Visit Name | C29: Char | E29: Timing | F29: 1. Protocol-defined description of clinical encounter. 2. May be used in addition to VISITNUM and/or VISITDY. | G29: Perm
A30: VISITDY | B30: Planned Study Day of Visit | C30: Num | E30: Timing | F30: Planned study day of the visit based upon RFSTDTC in Demographics. | G30: Perm
A31: TAETORD | B31: Planned Order of Element within Arm | C31: Num | E31: Timing | F31: Number that gives the planned order of the Element within the Arm. | G31: Perm
A32: EPOCH | B32: Epoch | C32: Char | D32: (EPOCH) | E32: Timing | F32: Epoch associated with the start date/time at which the assessment was made. | G32: Perm
A33: VSDTC | B33: Date/Time of Measurements | C33: Char | D33: ISO 8601 | E33: Timing | F33: Date and time of the vital signs assessment represented in ISO 8601 character format. | G33: Exp
A34: VSDY | B34: Study Day of Vital Signs | C34: Num | E34: Timing | F34: 1. Study day of vital signs measurements, measured as integer days. 2. Algorithm for calculations must be relative to the sponsor-defined RFSTDTC variable in Demographics. | G34: Perm
A35: VSTPT | B35: Planned Time Point Name | C35: Char | E35: Timing | F35: 1. Text description of time when measurement should be taken. 2. This may be represented as an elapsed time relative to a fixed reference point, such as time of last dose. See VSTPTNUM and VSTPTREF. Examples: "Start", "5 min post". | G35: Perm
A36: VSTPTNUM | B36: Planned Time Point Number | C36: Num | E36: Timing | F36: Numerical version of VSTPT to aid in sorting. | G36: Perm
A37: VSELTM | B37: Planned Elapsed Time from Time Point Ref | C37: Char | D37: ISO 8601 | E37: Timing | F37: Planned elapsed time (in ISO 8601) relative to a planned fixed reference (VSTPTREF). This variable is useful where there are repetitive measures. Not a clock time or a date time variable. Represented as an ISO 8601 Duration. Examples: "-PT15M" to represent the period of 15 minutes prior to the reference point indicated by VSTPTREF, or "PT8H" to represent the period of 8 hours after the reference point indicated by VSTPTREF. | G37: Perm
A38: VSTPTREF | B38: Time Point Reference | C38: Char | E38: Timing | F38: Name of the fixed reference point referred to by VSELTM, VSTPTNUM, and VSTPT. Examples: "PREVIOUS DOSE", "PREVIOUS MEAL". | G38: Perm
A39: VSRFTDTC | B39: Date/Time of Reference Time Point | C39: Char | D39: ISO 8601 | E39: Timing | F39: Date/time of the reference time point, VSTPTREF. | G39: Perm

Sheet EG
A1: Variable Name | B1: Variable Label | C1: Type | D1: Controlled Terms, Codelist or Format | E1: Role | F1: CDISC Notes | G1: Core
A2: STUDYID | B2: Study Identifier | C2: Char | E2: Identifier | F2: Unique identifier for a study. | G2: Req
A3: DOMAIN | B3: Domain Abbreviation | C3: Char | D3: EG | E3: Identifier | F3: Two-character abbreviation for the domain. | G3: Req
A4: USUBJID | B4: Unique Subject Identifier | C4: Char | E4: Identifier | F4: Identifier used to uniquely identify a subject across all studies for all applications or submissions involving the product. | G4: Req
A5: SPDEVID | B5: Sponsor Device Identifier | C5: Char | E5: Identifier | F5: Sponsor-defined identifier for a device. | G5: Perm
A6: EGSEQ | B6: Sequence Number | C6: Num | E6: Identifier | F6: Sequence number given to ensure uniqueness of subject records within a domain. May be any valid number. | G6: Req
A7: EGGRPID | B7: Group ID | C7: Char | E7: Identifier | F7: Used to tie together a block of related records in a single domain for a subject. | G7: Perm
A8: EGREFID | B8: ECG Reference ID | C8: Char | E8: Identifier | F8: Internal or external ECG identifier. Example: "UUID". | G8: Perm
A9: EGSPID | B9: Sponsor-Defined Identifier | C9: Char | E9: Identifier | F9: Sponsor-defined reference number. Perhaps preprinted on the CRF as an explicit line identifier or defined in the sponsor's operational database. Example: Line number from the ECG page. | G9: Perm
A10: EGTESTCD | B10: ECG Test or Examination Short Name | C10: Char | D10: (EGTESTCD)(HETESTCD) | E10: Topic | F10: Short name of the measurement, test, or examination described in EGTEST. It can be used as a column name when converting a dataset from a vertical to a horizontal format. The value in EGTESTCD cannot be longer than 8 characters, nor can it start with a number (e.g., "1TEST" is not valid). EGTESTCD cannot contain characters other than letters, numbers, or underscores. Examples : "PRAG", "QRSAG". Test codes are in two separate codelists, one for tests based on regular 10-second ECGs (EGTESTCD) and one for tests based on Holter monitoring (HETESTCD). | G10: Req
A11: EGTEST | B11: ECG Test or Examination Name | C11: Char | D11: (EGTEST)(HETEST) | E11: Synonym Qualifier | F11: Verbatim name of the test or examination used to obtain the measurement or finding. The value in EGTEST cannot be longer than 40 characters. Examples: "PR Interval, Aggregate", "QRS Duration, Aggregate". Test names are in two separate codelists, one for tests based on regular 10-second ECGs (EGTEST) and one for tests based on Holter monitoring (HETEST). | G11: Req
A12: EGCAT | B12: Category for ECG | C12: Char | E12: Grouping Qualifier | F12: Used to categorize ECG observations across subjects. Examples: "MEASUREMENT", "FINDING", "INTERVAL". | G12: Perm
A13: EGSCAT | B13: Subcategory for ECG | C13: Char | E13: Grouping Qualifier | F13: A further categorization of the ECG. | G13: Perm
A14: EGPOS | B14: ECG Position of Subject | C14: Char | D14: (POSITION) | E14: Record Qualifier | F14: Position of the subject during a measurement or examination. Examples: "SUPINE", "STANDING", "SITTING". | G14: Perm
A15: EGBEATNO | B15: ECG Beat Number | C15: Num | E15: Variable Qualifier | F15: A sequence number that identifies the beat within an ECG. | G15: Perm
A16: EGORRES | B16: Result or Finding in Original Units | C16: Char | E16: Result Qualifier | F16: Result of the ECG measurement or finding as originally received or collected. Examples of expected values are "62" or "0.151" when the result is an interval or measurement, or "ATRIAL FIBRILLATION" or "QT PROLONGATION" when the result is a finding. | G16: Exp
A17: EGORRESU | B17: Original Units | C17: Char | D17: (UNIT) | E17: Variable Qualifier | F17: Original units in which the data were collected. The unit for EGORRES. Examples: "sec" or "msec". | G17: Perm
A18: EGSTRESC | B18: Character Result/Finding in Std Format | C18: Char | D18: (EGSTRESC)(HESTRESC) | E18: Result Qualifier | F18: Contains the result value for all findings, copied or derived from EGORRES in a standard format or standard units. EGSTRESC should store all results or findings in character format; if results are numeric, they should also be stored in numeric format in EGSTRESN. For example, if a test has results of "NONE", "NEG", and "NEGATIVE" in EGORRES and these results effectively have the same meaning, they could be represented in standard format in EGSTRESC as "NEGATIVE". For other examples, see general assumptions. Additional examples of result data: "SINUS BRADYCARDIA", "ATRIAL FLUTTER", "ATRIAL FIBRILLATION". Test results are in two separate codelists, one for tests based on regular 10-second ECGs (EGSTRESC) and one for tests based on Holter monitoring (HESTRESC). | G18: Exp
A19: EGSTRESN | B19: Numeric Result/Finding in Standard Units | C19: Num | E19: Result Qualifier | F19: Used for continuous or numeric results or findings in standard format; copied in numeric format from EGSTRESC. EGSTRESN should store all numeric test results or findings. | G19: Perm
A20: EGSTRESU | B20: Standard Units | C20: Char | D20: (UNIT) | E20: Variable Qualifier | F20: Standardized units used for EGSTRESC and EGSTRESN. | G20: Perm
A21: EGSTAT | B21: Completion Status | C21: Char | D21: (ND) | E21: Record Qualifier | F21: Used to indicate an ECG was not done, or an ECG measurement was not taken. Should be null if a result exists in EGORRES. | G21: Perm
A22: EGREASND | B22: Reason ECG Not Done | C22: Char | E22: Record Qualifier | F22: Describes why a measurement or test was not performed. Examples: "BROKEN EQUIPMENT" or "SUBJECT REFUSED". Used in conjunction with EGSTAT when value is "NOT DONE". | G22: Perm
A23: EGXFN | B23: ECG External File Path | C23: Char | E23: Record Qualifier | F23: File name and path for the external ECG waveform file. | G23: Perm
A24: EGNAM | B24: Vendor Name | C24: Char | E24: Record Qualifier | F24: Name or identifier of the laboratory or vendor who provided the test results. | G24: Perm
A25: EGMETHOD | B25: Method of Test or Examination | C25: Char | D25: (EGMETHOD) | E25: Record Qualifier | F25: Method of the ECG test. Example: "12 LEAD STANDARD". | G25: Perm
A26: EGLEAD | B26: Lead Location Used for Measurement | C26: Char | D26: (EGLEAD) | E26: Record Qualifier | F26: The lead used for the measurement. Examples: "LEAD 1", "LEAD 2", "LEAD 3", "LEAD rV2", "LEAD V1". | G26: Perm
A27: EGLOBXFL | B27: Last Observation Before Exposure Flag | C27: Char | D27: (NY) | E27: Record Qualifier | F27: Operationally-derived indicator used to identify the last non-missing value prior to RFXSTDTC. The value should be "Y" or null. | G27: Exp
A28: EGBLFL | B28: Baseline Flag | C28: Char | D28: (NY) | E28: Record Qualifier | F28: Indicator used to identify a baseline value. Should be "Y" or null. Note that EGBLFL is retained for backward compatibility. The authoritative baseline for statistical analysis is in an ADaM dataset. | G28: Perm
A29: EGDRVFL | B29: Derived Flag | C29: Char | D29: (NY) | E29: Record Qualifier | F29: Used to indicate a derived record. The value should be "Y" or null. Records that represent the average of other records, or that do not come from the CRF, or are not as originally collected or received are examples of records that would be derived for the submission datasets. If EGDRVFL = "Y", then EGORRES could be null, with EGSTRESC and EGSTRESN (if the result is numeric) having the derived value. | G29: Perm
A30: EGEVAL | B30: Evaluator | C30: Char | D30: (EVAL) | E30: Record Qualifier | F30: Role of the person who provided the evaluation. Used only for results that are subjective (e.g., assigned by a person or a group). Should be null for records that contain collected or derived data. Examples: "INVESTIGATOR", "ADJUDICATION COMMITTEE", "VENDOR". | G30: Perm
A31: EGEVALID | B31: Evaluator Identifier | C31: Char | D31: (MEDEVAL) | E31: Variable Qualifier | F31: Used to distinguish multiple evaluators with the same role recorded in EGEVAL. Examples: "RADIOLOGIST 1" or "RADIOLOGIST 2". | G31: Perm
A32: EGCLSIG | B32: ClinicallySignificant, Collected | C32: Char | D32: (NY) | E32: Record Qualifier | F32: Used to indicate whether a collected observation is clinically significant based on judgment. | G32: Perm
A33: EGREPNUM | B33: Repetition Number | C33: Num | E33: Record Qualifier | F33: The incidence number of a test that is repeated within a given timeframe for the same test. The level of granularity can vary, e.g., within a time point or within a visit. For example, multiple measurements of blood pressure or multiple analyses of a sample. | G33: Perm
A34: VISITNUM | B34: Visit Number | C34: Num | E34: Timing | F34: 1. Clinical encounter number. 2. Numeric version of VISIT, used for sorting. | G34: Exp
A35: VISIT | B35: Visit Name | C35: Char | E35: Timing | F35: 1. Protocol-defined description of clinical encounter. 2. May be used in addition to VISITNUM and/or VISITDY. | G35: Perm
A36: VISITDY | B36: Planned Study Day of Visit | C36: Num | E36: Timing | F36: Planned study day of the visit based upon RFSTDTC in Demographics. | G36: Perm
A37: TAETORD | B37: Planned Order of Element within Arm | C37: Num | E37: Timing | F37: Number that gives the planned order of the Element within the Arm for the element in which the assessment was made. | G37: Perm
A38: EPOCH | B38: Epoch | C38: Char | D38: (EPOCH) | E38: Timing | F38: Epoch associated with the date/time at which the assessment was made. | G38: Perm
A39: EGDTC | B39: Date/Time of ECG | C39: Char | D39: ISO 8601 | E39: Timing | F39: Date/Time of ECG. | G39: Exp
A40: EGDY | B40: Study Day of ECG | C40: Num | E40: Timing | F40: 1. Study day of the ECG, measured as integer days. 2. Algorithm for calculations must be relative to the sponsor-defined RFSTDTC variable in Demographics. | G40: Perm
A41: EGTPT | B41: Planned Time Point Name | C41: Char | E41: Timing | F41: 1. Text description of time when measurement should be taken. 2. This may be represented as an elapsed time relative to a fixed reference point, such as time of last dose. See EGTPTNUM and EGTPTREF. Examples: "Start", "5 min post". | G41: Perm
A42: EGTPTNUM | B42: Planned Time Point Number | C42: Num | E42: Timing | F42: Numerical version of EGTPT to aid in sorting. | G42: Perm
A43: EGELTM | B43: Planned Elapsed Time from Time Point Ref | C43: Char | D43: ISO 8601 | E43: Timing | F43: Planned elapsed time (in ISO 8601) relative to a fixed time point reference (EGTPTREF). Not a clock time or a date time variable. Represented as an ISO 8601 duration. Examples: "-PT15M" to represent the period of 15 minutes prior to the reference point indicated by EGTPTREF, or "PT8H" to represent the period of 8 hours after the reference point indicated by EGTPTREF. | G43: Perm
A44: EGTPTREF | B44: Time Point Reference | C44: Char | E44: Timing | F44: Name of the fixed reference point referred to by EGELTM, EGTPTNUM, and EGTPT. Examples: "PREVIOUS DOSE", "PREVIOUS MEAL". | G44: Perm
A45: EGRFTDTC | B45: Date/Time of Reference Time Point | C45: Char | D45: ISO 8601 | E45: Timing | F45: Date/time for a fixed reference time point defined by EGTPTREF. | G45: Perm

Sheet PE
A1: Variable Name | B1: Variable Label | C1: Type | D1: Controlled Terms, Codelist or Format | E1: Role | F1: CDISC Notes | G1: Core
A2: STUDYID | B2: Study Identifier | C2: Char | E2: Identifier | F2: Unique identifier for a study. | G2: Req
A3: DOMAIN | B3: Domain Abbreviation | C3: Char | D3: PE | E3: Identifier | F3: Two-character abbreviation for the domain. | G3: Req
A4: USUBJID | B4: Unique Subject Identifier | C4: Char | E4: Identifier | F4: Identifier used to uniquely identify a subject across all studies for all applications or submissions involving the product. | G4: Req
A5: PESEQ | B5: Sequence Number | C5: Num | E5: Identifier | F5: Sequence number to ensure uniqueness of records within a dataset for a subject. May be any valid number. | G5: Req
A6: PEGRPID | B6: Group ID | C6: Char | E6: Identifier | F6: Used to link together a block of related records in a single domain for a subject. | G6: Perm
A7: PESPID | B7: Sponsor-Defined Identifier | C7: Char | E7: Identifier | F7: Sponsor-defined reference number. Perhaps preprinted on the CRF as an explicit line identifier or defined in the sponsor's operational database. Example: Line number on a CRF. | G7: Perm
A8: PETESTCD | B8: Body System Examined Short Name | C8: Char | E8: Topic | F8: Short name of a part of the body examined in a physical examination. It can be used as a column name when converting a dataset from a vertical to a horizontal format. The value in PETESTCD cannot be longer than 8 characters, nor can it start with a number (e.g., "1TEST" is not valid). PETESTCD cannot contain characters other than letters, numbers, or underscores. Examples: "HEAD", "ENT". If the results of the entire physical examination are represented in one record, value should be "PHYSEXAM". | G8: Req
A9: PETEST | B9: Body System Examined | C9: Char | E9: Synonym Qualifier | F9: Long name of a part of the body examined in a physical examination. The value in PETEST cannot be longer than 40 characters. Examples: "Head", "Ear/Nose/Throat". If the results of the entire physical examination are represented in one record, value should be "Physical Examination". | G9: Req
A10: PEMODIFY | B10: Modified Reported Term | C10: Char | E10: Synonym Qualifier | F10: If the value of PEORRES is modified for coding purposes, then the modified text is placed here. | G10: Perm
A11: PECAT | B11: Category for Examination | C11: Char | E11: Grouping Qualifier | F11: Used to define a category of topic-variable values. Examples: "GENERAL". | G11: Perm
A12: PESCAT | B12: Subcategory for Examination | C12: Char | E12: Grouping Qualifier | F12: Used to define a further categorization of --CAT values. | G12: Perm
A13: PEBODSYS | B13: Body System or Organ Class | C13: Char | E13: Record Qualifier | F13: Body system or organ class (MedDRA SOC) that is involved for a finding from the standard hierarchy for dictionary-coded results (e.g., MedDRA). | G13: Perm
A14: PEORRES | B14: Verbatim Examination Finding | C14: Char | E14: Result Qualifier | F14: Text description of any abnormal findings. If the examination was completed and there were no abnormal findings, the value should be "NORMAL". If the examination was not performed on a particular body system, or at the subject level, then the value should be null, and "NOT DONE" should appear in PESTAT. | G14: Exp
A15: PEORRESU | B15: Original Units | C15: Char | D15: (UNIT) | E15: Variable Qualifier | F15: Original units in which the data were collected. The unit for PEORRES. | G15: Perm
A16: PESTRESC | B16: Character Result/Finding in Std Format | C16: Char | E16: Result Qualifier | F16: If there are findings for a body system, then either the dictionary preferred term (if findings are coded using a dictionary) or PEORRES (if findings are not encoded) should appear here. If PEORRES is null, PESTRESC must be null. | G16: Exp
A17: PESTAT | B17: Completion Status | C17: Char | D17: (ND) | E17: Record Qualifier | F17: Used to indicate exam not done. Must be null if a result exists in PEORRES/PESTRESC. | G17: Perm
A18: PEREASND | B18: Reason Not Examined | C18: Char | E18: Record Qualifier | F18: Describes why an examination was not performed or why a body system was not examined. Example: "SUBJECT REFUSED". Used in conjunction with PESTAT when value is "NOT DONE". | G18: Perm
A19: PELOC | B19: Location of Physical Exam Finding | C19: Char | D19: (LOC) | E19: Record Qualifier | F19: Anatomical location of the subject relevant to the collection of the measurement. Example: "ARM" for skin rash. | G19: Perm
A20: PELAT | B20: Laterality | C20: Char | D20: (LAT) | E20: Variable Qualifier | F20: Qualifier for anatomical location or specimen further detailing laterallity. Examples: "RIGHT", "LEFT", "BILATERAL". | G20: Perm
A21: PEMETHOD | B21: Method of Test or Examination | C21: Char | D21: (METHOD) | E21: Record Qualifier | F21: Method of the test or examination. Examples: "PALPATION", "PERCUSSION". | G21: Perm
A22: PELOBXFL | B22: Last Observation Before Exposure Flag | C22: Char | D22: (NY) | E22: Record Qualifier | F22: Operationally-derived indicator used to identify the last non-missing value prior to RFXSTDTC. Should be "Y" or null. | G22: Perm
A23: PEBLFL | B23: Baseline Flag | C23: Char | D23: (NY) | E23: Record Qualifier | F23: A baseline defined by the sponsor (could be derived in the same manner as PELOBXFL or ABLFL, but is not required to be). The value should be "Y" or null. Note that PEBLFL is retained for backward compatibility. The authoritative baseline flag for statistical analysis is in an ADaM dataset. | G23: Perm
A24: PEEVAL | B24: Evaluator | C24: Char | D24: (EVAL) | E24: Record Qualifier | F24: Role of the person who provided the evaluation. Used only for results that are subjective (e.g., assigned by a person or a group). Example: "INVESTIGATOR". | G24: Perm
A25: VISITNUM | B25: Visit Number | C25: Num | E25: Timing | F25: 1. Clinical encounter number. 2. Numeric version of VISIT, used for sorting. | G25: Exp
A26: VISIT | B26: Visit Name | C26: Char | E26: Timing | F26: 1. Protocol-defined description of a clinical encounter. 2. May be used in addition to VISITNUM and/or VISITDY. | G26: Perm
A27: VISITDY | B27: Planned Study Day of Visit | C27: Num | E27: Timing | F27: Planned study day of VISIT. Should be an integer. | G27: Perm
A28: TAETORD | B28: Planned Order of Element within Arm | C28: Num | E28: Timing | F28: Number that gives the planned order of the Element within the Arm for the Element in which the assessment was made. | G28: Perm
A29: EPOCH | B29: Epoch | C29: Char | D29: (EPOCH) | E29: Timing | F29: Epoch associated with the observation date/time of the physical exam finding. | G29: Perm
A30: PEDTC | B30: Date/Time of Examination | C30: Char | D30: ISO 8601 | E30: Timing | F30: Date and time of the physical examination represented in ISO 8601 character format. | G30: Exp
A31: PEDY | B31: Study Day of Examination | C31: Num | E31: Timing | F31: 1. Study day of physical exam, measured as integer days. 2. Algorithm for calculations must be relative to the sponsor-defined RFSTDTC variable in Demographics. | G31: Perm

Sheet DS
A1: Variable Name | B1: Variable Label | C1: Type | D1: Controlled Terms, Codelist or Format | E1: Role | F1: CDISC Notes | G1: Core
A2: STUDYID | B2: Study Identifier | C2: Char | E2: Identifier | F2: Unique identifier for a study. | G2: Req
A3: DOMAIN | B3: Domain Abbreviation | C3: Char | D3: DS | E3: Identifier | F3: Two-character abbreviation for the domain. | G3: Req
A4: USUBJID | B4: Unique Subject Identifier | C4: Char | E4: Identifier | F4: Identifier used to uniquely identify a subject across all studies for all applications or submissions involving the product. | G4: Req
A5: DSSEQ | B5: Sequence Number | C5: Num | E5: Identifier | F5: Sequence Number given to ensure uniqueness of subject records within a domain. May be any valid number. | G5: Req
A6: DSGRPID | B6: Group ID | C6: Char | E6: Identifier | F6: Used to tie together a block of related records in a single domain for a subject. | G6: Perm
A7: DSREFID | B7: Reference ID | C7: Char | E7: Identifier | F7: Internal or external identifier. | G7: Perm
A8: DSSPID | B8: Sponsor-Defined Identifier | C8: Char | E8: Identifier | F8: Sponsor-defined reference number. Perhaps preprinted on the CRF as an explicit line identifier or defined in the sponsor's operational database. Example: Line number on a Disposition page. | G8: Perm
A9: DSTERM | B9: Reported Term for the Disposition Event | C9: Char | E9: Topic | F9: Verbatim name of the event or protocol milestone. Some terms in DSTERM will match DSDECOD, but others, such as "Subject moved" will map to controlled terminology in DSDECOD, such as "LOST TO FOLLOW-UP". | G9: Req
A10: DSDECOD | B10: Standardized Disposition Term | C10: Char | D10: (NCOMPLT), (PROTMLST) | E10: Synonym Qualifier | F10: Controlled terminology for the name of disposition event or protocol milestone. Examples of protocol milestones: "INFORMED CONSENT OBTAINED", "RANDOMIZED". There are separate codelists used for DSDECOD where the choice depends on the value of DSCAT. Codelist "NCOMPLT" is used for disposition events and codelist "PROTMLST" is used for protocol milestones. The variable may be subject to controlled terminology for other events. | G10: Req
A11: DSCAT | B11: Category for Disposition Event | C11: Char | D11: (DSCAT) | E11: Grouping Qualifier | F11: Used to define a category of related records. | G11: Exp
A12: DSSCAT | B12: Subcategory for Disposition Event | C12: Char | E12: Grouping Qualifier | F12: A further categorization of DSCAT (e.g., "STUDY PARTICIPATION", "STUDY TREATMENT" when DSCAT = "DISPOSITION EVENT"). | G12: Perm
A13: EPOCH | B13: Epoch | C13: Char | D13: (EPOCH) | E13: Timing | F13: Epoch associated with the start date/time of the event. | G13: Perm
A14: DSDTC | B14: Date/Time of Collection | C14: Char | D14: ISO 8601 | E14: Timing | F14: Collection date and time of the disposition observation represented in ISO 8601 character format. | G14: Perm
A15: DSSTDTC | B15: Start Date/Time of Disposition Event | C15: Char | D15: ISO 8601 | E15: Timing | F15: Start date/time of the disposition event in ISO 8601 character format. | G15: Exp
A16: DSDY | B16: Study Day of Collection | C16: Num | E16: Timing | F16: Start date/time of the disposition event in ISO 8601 character format. | G16: Perm
A17: DSSTDY | B17: Study Day of Start of Disposition Event | C17: Num | E17: Timing | F17: Study day of start of event relative to the sponsor-defined RFSTDTC. | G17: Exp

Sheet MH
A1: Variable Name | B1: Variable Label | C1: Type | D1: Controlled Terms, Codelist or Format | E1: Role | F1: CDISC Notes | G1: Core
A2: STUDYID | B2: Study Identifier | C2: Char | E2: Identifier | F2: Unique identifier for a study. | G2: Req
A3: DOMAIN | B3: Domain Abbreviation | C3: Char | D3: MH | E3: Identifier | F3: Two-character abbreviation for the domain. | G3: Req
A4: USUBJID | B4: Unique Subject Identifier | C4: Char | E4: Identifier | F4: Identifier used to uniquely identify a subject across all studies for all applications or submissions involving the product. | G4: Req
A5: MHSEQ | B5: Sequence Number | C5: Num | E5: Identifier | F5: Sequence Number given to ensure uniqueness of subject records within a domain. May be any valid number. | G5: Req
A6: MHGRPID | B6: Group ID | C6: Char | E6: Identifier | F6: Used to tie together a block of related records in a single domain for a subject. | G6: Perm
A7: MHREFID | B7: Reference ID | C7: Char | E7: Identifier | F7: Internal or external medical history identifier. | G7: Perm
A8: MHSPID | B8: Sponsor-Defined Identifier | C8: Char | E8: Identifier | F8: Sponsor-defined reference number. Perhaps preprinted on the CRF as an explicit line identifier or defined in the sponsor's operational database. Example: Line number on a Medical History page. | G8: Perm
A9: MHTERM | B9: Reported Term for the Medical History | C9: Char | E9: Topic | F9: Verbatim or preprinted CRF term for the medical condition or event. | G9: Req
A10: MHMODIFY | B10: Modified Reported Term | C10: Char | E10: Synonym Qualifier | F10: If MHTERM is modified to facilitate coding, then MHMODIFY will contain the modified text. | G10: Perm
A11: MHDECOD | B11: Dictionary-Derived Term | C11: Char | E11: Synonym Qualifier | F11: Dictionary-derived text description of MHTERM or MHMODIFY. Equivalent to the Preferred Term (PT in MedDRA). The sponsor is expected to provide the dictionary name and version used to map the terms utilizing the external codelist element in the Define-XML document. | G11: Perm
A12: MHEVDTYP | B12: Medical History Event Date Type | C12: Char | D12: (MHEDTTYP) | E12: Variable Qualifier | F12: Specifies the aspect of the medical condition or event by which MHSTDTC and/or the MHENDTC is defined. Examples: "DIAGNOSIS", "SYMPTOMS", "RELAPSE", "INFECTION". | G12: Perm
A13: MHCAT | B13: Category for Medical History | C13: Char | E13: Grouping Qualifier | F13: Used to define a category of related records. Examples: "CARDIAC" or "GENERAL". | G13: Perm
A14: MHSCAT | B14: Subcategory for Medical History | C14: Char | E14: Grouping Qualifier | F14: A further categorization of the condition or event. | G14: Perm
A15: MHPRESP | B15: Medical History Event Pre-Specified | C15: Char | D15: (NY) | E15: Variable Qualifier | F15: A value of "Y" indicates that this medical history event was pre-specified on the CRF. Values are null for spontaneously reported events (i.e., those collected as free-text verbatim terms). | G15: Perm
A16: MHOCCUR | B16: Medical History Occurrence | C16: Char | D16: (NY) | E16: Record Qualifier | F16: Used when the occurrence of specific medical history conditions is solicited, to indicate whether or not ("Y"/"N") a medical condition (MHTERM) had ever occurred. Values are null for spontaneously reported events. | G16: Perm
A17: MHSTAT | B17: Completion Status | C17: Char | D17: (ND) | E17: Record Qualifier | F17: The status indicates that the pre-specified question was not asked/answered. | G17: Perm
A18: MHREASND | B18: Reason Medical History Not Collected | C18: Char | E18: Record Qualifier | F18: Describes the reason why data for a pre-specified condition was not collected. Used in conjunction with MHSTAT when value is "NOT DONE". | G18: Perm
A19: MHBODSYS | B19: Body System or Organ Class | C19: Char | E19: Record Qualifier | F19: Dictionary-derived. Body system or organ class that is involved in an event or measurement from a standard hierarchy (e.g., MedDRA). When using a multi-axial dictionary such as MedDRA, this should contain the SOC used for the sponsor's analyses and summary tables which may not necessarily be the primary SOC. | G19: Perm
A20: TAETORD | B20: Planned Order of Element within Arm | C20: Num | E20: Timing | F20: Number that gives the planned order of the Element within the Arm for the Element in which the assessment was made. | G20: Perm
A21: EPOCH | B21: Epoch | C21: Char | D21: (EPOCH) | E21: Timing | F21: Epoch associated with the start date/time of the medical history event. | G21: Perm
A22: MHDTC | B22: Date/Time of History Collection | C22: Char | D22: ISO 8601 | E22: Timing | F22: Collection date and time of the medical history observation represented in ISO 8601 character format. | G22: Perm
A23: MHSTDTC | B23: Start Date/Time of Medical History Event | C23: Char | D23: ISO 8601 | E23: Timing | F23: Start date/time of the medical history event represented in ISO 8601 character format. | G23: Perm
A24: MHENDTC | B24: End Date/Time of Medical History Event | C24: Char | D24: ISO 8601 | E24: Timing | F24: End date/time of the medical history event. | G24: Perm
A25: MHDY | B25: Study Day of History Collection | C25: Num | E25: Timing | F25: 1. Study day of medical history collection, measured as integer days. 2. Algorithm for calculations must be relative to the sponsor-defined RFSTDTC variable in Demographics. This formula should be consistent across the submission. | G25: Perm
A26: MHENRF | B26: End Relative to Reference Period | C26: Char | D26: (STENRF) | E26: Timing | F26: Describes the end of the event relative to the sponsor-defined reference period. The sponsor-defined reference period is a continuous period of time defined by a discrete starting point and a discrete ending point (represented by RFSTDTC and RFENDTC in Demographics). Not all values of the codelist are allowable for this variable. See Section 4.4.7, Use of Relative Timing Variables. | G26: Perm
A27: MHENRTPT | B27: End Relative to Reference Time Point | C27: Char | D27: (STENRF) | E27: Timing | F27: Identifies the end of the event as being before or after the reference time point defined by variable MHENTPT. Not all values of the codelist are allowable for this variable. See Section 4.4.7, Use of Relative Timing Variables. | G27: Perm
A28: MHENTPT | B28: End Reference Time Point | C28: Char | E28: Timing | F28: Description or date/time in ISO 8601 character format of the reference point referred to by MHENRTPT. Examples: "2003-12-25" or "VISIT 2". | G28: Perm

Sheet PR
A1: Variable Name | B1: Variable Label | C1: Type | D1: Controlled Terms, Codelist or Format | E1: Role | F1: CDISC Notes | G1: Core
A2: STUDYID | B2: Study Identifier | C2: Char | E2: Identifier | F2: Unique identifier for a study. | G2: Req
A3: DOMAIN | B3: Domain Abbreviation | C3: Char | D3: PR | E3: Identifier | F3: Two-character abbreviation for the domain. | G3: Req
A4: USUBJID | B4: Unique Subject Identifier | C4: Char | E4: Identifier | F4: Identifier used to uniquely identify a subject across all studies for all applications or submissions involving the product. | G4: Req
A5: PRSEQ | B5: Sequence Number | C5: Num | E5: Identifier | F5: Sequence Number to ensure uniqueness of records within a dataset for a subject. Should be assigned to be in a consistent chronological order. | G5: Req
A6: PRGRPID | B6: Group ID | C6: Char | E6: Identifier | F6: Used to link together a block of related records within a subject in a domain. | G6: Perm
A7: PRSPID | B7: Sponsor-Defined Identifier | C7: Char | E7: Identifier | F7: Sponsor-defined identifier. Example: pre-printed line identifier on a CRF or record identifier defined in the sponsor's operational database. | G7: Perm
A8: PRLNKID | B8: Link ID | C8: Char | E8: Identifier | F8: Used to facilitate identification of relationships between records. | G8: Perm
A9: PRLNKGRP | B9: Link Group ID | C9: Char | E9: Identifier | F9: Used to facilitate identification of relationships between records. | G9: Perm
A10: PRTRT | B10: Reported Name of Procedure | C10: Char | E10: Topic | F10: Name of procedure performed, either pre-printed or collected on a CRF. | G10: Req
A11: PRDECOD | B11: Standardized Procedure Name | C11: Char | E11: Synonym Qualifier | F11: Standardized or dictionary-derived name of PRTRT. The sponsor is expected to provide the dictionary name and version used to map the terms in the external codelist element in the Define-XML document. If an intervention term does not have a decode value in the dictionary, then PRDECOD will be null. | G11: Perm
A12: PRCAT | B12: Category | C12: Char | E12: Grouping Qualifier | F12: Used to define a category of procedure values. | G12: Perm
A13: PRSCAT | B13: Subcategory | C13: Char | E13: Grouping Qualifier | F13: Used to define a further categorization of PRCAT values. | G13: Perm
A14: PRPRESP | B14: Pre-specified | C14: Char | D14: (NY) | E14: Variable Qualifier | F14: Used when a specific procedure is pre-specified on a CRF. Values should be "Y" or null. | G14: Perm
A15: PROCCUR | B15: Occurrence | C15: Char | D15: (NY) | E15: Record Qualifier | F15: Used to record whether a pre-specified procedure occurred when information about the occurrence of a specific procedure is solicited. | G15: Perm
A16: PRINDC | B16: Indication | C16: Char | E16: Record Qualifier | F16: Denotes the indication for the procedure (e.g., why the procedure was performed). | G16: Perm
A17: PRDOSE | B17: Dose | C17: Num | E17: Record Qualifier | F17: Amount of PRTRT administered. Not populated when PRDOSTXT is populated. | G17: Perm
A18: PRDOSTXT | B18: Dose Description | C18: Char | E18: Record Qualifier | F18: Dosing information collected in text form. Examples: "<1", "200-400". Not populated when PRDOSE is populated. | G18: Perm
A19: PRDOSU | B19: Dose Units | C19: Char | D19: (UNIT) | E19: Variable Qualifier | F19: Units for PRDOSE, PRDOSTOT, or PRDOSTXT. | G19: Perm
A20: PRDOSFRM | B20: Dose Form | C20: Char | D20: (FRM) | E20: Variable Qualifier | F20: Dose form for PRTRT. | G20: Perm
A21: PRDOSFRQ | B21: Dosing Frequency per Interval | C21: Char | D21: (FREQ) | E21: Variable Qualifier | F21: Usually expressed as the number of doses given per a specific interval. | G21: Perm
A22: PRDOSRGM | B22: Intended Dose Regimen | C22: Char | E22: Variable Qualifier | F22: Text description of the intended schedule or regimen for the procedure. | G22: Perm
A23: PRROUTE | B23: Route of Administration | C23: Char | D23: (ROUTE) | E23: Variable Qualifier | F23: Route of administration for PRTRT. | G23: Perm
A24: PRLOC | B24: Location of Procedure | C24: Char | D24: (LOC) | E24: Record Qualifier | F24: Anatomical location of a procedure. | G24: Perm
A25: PRLAT | B25: Laterality | C25: Char | D25: (LAT) | E25: Variable Qualifier | F25: Qualifier for anatomical location or specimen further detailing laterality. | G25: Perm
A26: PRDIR | B26: Directionality | C26: Char | D26: (DIR) | E26: Variable Qualifier | F26: Qualifier for anatomical location or specimen further detailing directionality. | G26: Perm
A27: PRPORTOT | B27: Portion or Totality | C27: Char | D27: (PORTOT) | E27: Variable Qualifier | F27: Qualifier for anatomical location or specimen further detailing the distribution, which means arrangement of, apportioning of. | G27: Perm
A28: VISITNUM | B28: Visit Number | C28: Num | E28: Timing | F28: Clinical encounter number. Numeric version of VISIT, used for sorting. | G28: Perm
A29: VISIT | B29: Visit Name | C29: Char | E29: Timing | F29: Protocol-defined description of a clinical encounter. | G29: Perm
A30: VISITDY | B30: Planned Study Day of Visit | C30: Num | E30: Timing | F30: Planned study day of VISIT. Should be an integer. | G30: Perm
A31: TAETORD | B31: Planned Order of Element within Arm | C31: Num | E31: Timing | F31: Number that gives the planned order of the Element within the Arm. | G31: Perm
A32: EPOCH | B32: Epoch | C32: Char | D32: (EPOCH) | E32: Timing | F32: Epoch associated with the start date/time of the procedure. | G32: Perm
A33: PRSTDTC | B33: Start Date/Time of Procedure | C33: Char | D33: ISO 8601 | E33: Timing | F33: Start date/time of the procedure represented in ISO 8601 character format. | G33: Exp
A34: PRENDTC | B34: End Date/Time of Procedure | C34: Char | D34: ISO 8601 | E34: Timing | F34: End date/time of the procedure represented in ISO 8601 character format. | G34: Perm
A35: PRSTDY | B35: Study Day of Start of Procedure | C35: Num | E35: Timing | F35: Study day of start of procedure expressed in integer days relative to the sponsor-defined RFSTDTC in Demographics. | G35: Perm
A36: PRENDY | B36: Study Day of End of Procedure | C36: Num | E36: Timing | F36: Study day of end of procedure expressed in integer days relative to the sponsor-defined RFSTDTC in Demographics. | G36: Perm
A37: PRDUR | B37: Duration of Procedure | C37: Char | D37: ISO 8601 | E37: Timing | F37: Collected duration of a procedure represented in ISO 8601 character format. Used only if collected on the CRF and not derived from start and end date/times. | G37: Perm
A38: PRTPT | B38: Planned Time Point Name | C38: Char | E38: Timing | F38: Text description of time when a procedure should be performed. This may be represented as an elapsed time relative to a fixed reference point, such as time of last dose. See PRTPTNUM and PRTPTREF. | G38: Perm
A39: PRTPTNUM | B39: Planned Time Point Number | C39: Num | E39: Timing | F39: Numerical version of planned time point used in sorting. | G39: Perm
A40: PRELTM | B40: Planned Elapsed Time from Time Point Ref | C40: Char | D40: ISO 8601 | E40: Timing | F40: Planned elapsed time in ISO 8601 format relative to a planned fixed reference (PRTPTREF). This variable is useful where there are repetitive measures. Not a clock time or a date/time variable, but an interval, represented as ISO duration. | G40: Perm
A41: PRTPTREF | B41: Time Point Reference | C41: Char | E41: Timing | F41: Description of the fixed reference point referred to by PRELTM, PRTPTNUM, and PRTPT. | G41: Perm
A42: PRRFTDTC | B42: Date/Time of Reference Time Point | C42: Char | D42: ISO 8601 | E42: Timing | F42: Date/time for a fixed reference time point defined by PRTRTREF in ISO 8601 character format. | G42: Perm
A43: PRSTRTPT | B43: Start Relative to Reference Time Point | C43: Char | D43: (STENRF) | E43: Timing | F43: Identifies the start of the observation as being before or after the sponsor-defined reference time point defined by variable PRSTTPT. Not all values of the codelist are allowable for this variable. See Section 4.4.7, Use of Relative Timing Variables. | G43: Perm
A44: PRSTTPT | B44: Start Reference Time Point | C44: Char | E44: Timing | F44: Description or date/time in ISO 8601 character format of the sponsor-defined reference point referred to by PRSTRTPT. Examples: "2003-12-15" or "VISIT 1". | G44: Perm
A45: PRENRTPT | B45: End Relative to Reference Time Point | C45: Char | D45: (STENRF) | E45: Timing | F45: Identifies the end of the observation as being before or after the sponsor-defined reference time point defined by variable PRENTPT. Not all values of the codelist are allowable for this variable. See Section 4.4.7, Use of Relative Timing Variables. | G45: Perm
A46: PRENTPT | B46: End Reference Time Point | C46: Char | E46: Timing | F46: Description or date/time in ISO 8601 character format of the sponsor-defined reference point referred to by PRENRTPT. Examples: "2003-12-25" or "VISIT 2". | G46: Perm

Sheet AE
A1: Variable Name | B1: Variable Label | C1: Type | D1: Controlled Terms, Codelist or Format | E1: Role | F1: CDISC Notes | G1: Core
A2: STUDYID | B2: Study Identifier | C2: Char | E2: Identifier | F2: Unique identifier for a study. | G2: Req
A3: DOMAIN | B3: Domain Abbreviation | C3: Char | D3: AE | E3: Identifier | F3: Two-character abbreviation for the domain. | G3: Req
A4: USUBJID | B4: Unique Subject Identifier | C4: Char | E4: Identifier | F4: Identifier used to uniquely identify a subject across all studies for all applications or submissions involving the product. | G4: Req
A5: SPDEVID | B5: Sponsor Device Identifier | C5: Char | E5: Identifier | F5: A sequence of characters used by the sponsor to uniquely identify a specific device. Used to represent a device associated in some way with the adverse event. SPDEVID values are defined in the Device Identifiers (DI) domain. | G5: Perm
A6: AESEQ | B6: Sequence Number | C6: Num | E6: Identifier | F6: Sequence number given to ensure uniqueness of subject records within a domain. May be any valid number. | G6: Req
A7: AEGRPID | B7: Group ID | C7: Char | E7: Identifier | F7: Used to tie together a block of related records in a single domain for a subject. | G7: Perm
A8: AEREFID | B8: Reference ID | C8: Char | E8: Identifier | F8: Internal or external identifier such as a serial number on an SAE reporting form. | G8: Perm
A9: AESPID | B9: Sponsor-Defined Identifier | C9: Char | E9: Identifier | F9: Sponsor-defined identifier. It may be preprinted on the CRF as an explicit line identifier or defined in the sponsor's operational database. Example: Line number on an Adverse Events page. | G9: Perm
A10: AETERM | B10: Reported Term for the Adverse Event | C10: Char | E10: Topic | F10: Verbatim name of the event. | G10: Req
A11: AEMODIFY | B11: Modified Reported Term | C11: Char | E11: Synonym Qualifier | F11: If AETERM is modified to facilitate coding, then AEMODIFY will contain the modified text. | G11: Perm
A12: AELLT | B12: Lowest Level Term | C12: Char | D12: MedDRA | E12: Variable Qualifier | F12: Dictionary-derived text description of the Lowest Level Term. | G12: Exp
A13: AELLTCD | B13: Lowest Level Term Code | C13: Num | D13: MedDRA | E13: Variable Qualifier | F13: Dictionary-derived code for the Lowest Level Term. | G13: Exp
A14: AEDECOD | B14: Dictionary-Derived Term | C14: Char | D14: MedDRA | E14: Synonym Qualifier | F14: Dictionary-derived text description of AETERM or AEMODIFY. Equivalent to the Preferred Term (PT in MedDRA). The sponsor is expected to provide the dictionary name and version used to map the terms utilizing the external codelist element in the Define-XML document. | G14: Req
A15: AEPTCD | B15: Preferred Term Code | C15: Num | D15: MedDRA | E15: Variable Qualifier | F15: Dictionary-derived code for the Preferred Term. | G15: Exp
A16: AEHLT | B16: High Level Term | C16: Char | D16: MedDRA | E16: Variable Qualifier | F16: Dictionary-derived text description of the High Level Term for the primary System Organ Class. | G16: Exp
A17: AEHLTCD | B17: High Level Term Code | C17: Num | D17: MedDRA | E17: Variable Qualifier | F17: Dictionary-derived code for the High Level Term for the primary System Organ Class. | G17: Exp
A18: AEHLGT | B18: High Level Group Term | C18: Char | D18: MedDRA | E18: Variable Qualifier | F18: Dictionary-derived text description of the High Level Group Term for the primary System Organ Class. | G18: Exp
A19: AEHLGTCD | B19: High Level Group Term Code | C19: Num | D19: MedDRA | E19: Variable Qualifier | F19: Dictionary-derived code for the High Level Group Term for the primary System Organ Class. | G19: Exp
A20: AECAT | B20: Category for Adverse Event | C20: Char | E20: Grouping Qualifier | F20: Used to define a category of related records. Example: "BLEEDING", "NEUROPSYCHIATRIC". | G20: Perm
A21: AESCAT | B21: Subcategory for Adverse Event | C21: Char | E21: Grouping Qualifier | F21: A further categorization of adverse event. Example: "NEUROLOGIC". | G21: Perm
A22: AEPRESP | B22: Pre-Specified Adverse Event | C22: Char | D22: (NY) | E22: Variable Qualifier | F22: A value of "Y" indicates that this adverse event was pre-specified on the CRF. Values are null for spontaneously reported events (i.e., those collected as free-text verbatim terms). | G22: Perm
A23: AEBODSYS | B23: Body System or Organ Class | C23: Char | E23: Record Qualifier | F23: Dictionary derived. Body system or organ class used by the sponsor from the coding dictionary (e.g., MedDRA). When using a multi-axial dictionary such as MedDRA, this should contain the SOC used for the sponsor's analyses and summary tables, which may not necessarily be the primary SOC. | G23: Exp
A24: AEBDSYCD | B24: Body System or Organ Class Code | C24: Num | D24: MedDRA | E24: Variable Qualifier | F24: Dictionary derived. Code for the body system or organ class used by the sponsor. When using a multi-axial dictionary such as MedDRA, this should contain the SOC used for the sponsor's analyses and summary tables, which may not necessarily be the primary SOC. | G24: Exp
A25: AESOC | B25: Primary System Organ Class | C25: Char | D25: MedDRA | E25: Variable Qualifier | F25: Dictionary-derived text description of the primary System Organ Class. Will be the same as AEBODSYS if the primary SOC was used for analysis. | G25: Exp
A26: AESOCCD | B26: Primary System Organ Class Code | C26: Num | D26: MedDRA | E26: Variable Qualifier | F26: Dictionary-derived code for the primary System Organ Class. Will be the same as AEBDSYCD if the primary SOC was used for analysis. | G26: Exp
A27: AELOC | B27: Location of Event | C27: Char | D27: (LOC) | E27: Record Qualifier | F27: Describes anatomical location relevant for the event (e.g., "ARM" for skin rash). | G27: Perm
A28: AESEV | B28: Severity/Intensity | C28: Char | D28: (AESEV) | E28: Record Qualifier | F28: The severity or intensity of the event. Examples: "MILD", "MODERATE", "SEVERE". | G28: Perm
A29: AESER | B29: Serious Event | C29: Char | D29: (NY) | E29: Record Qualifier | F29: Is this a serious event? Valid values are "Y" and "N". | G29: Exp
A30: AEACN | B30: Action Taken with Study Treatment | C30: Char | D30: (ACN) | E30: Record Qualifier | F30: Describes changes to the study treatment as a result of the event. AEACN is specifically for the relationship to study treatment. AEACNOTH is for actions unrelated to dose adjustments of study treatment. Examples of AEACN values include ICH E2B values: "DRUG WITHDRAWN", "DOSE REDUCED", "DOSE INCREASED", "DOSE NOT CHANGED", "UNKNOWN" or "NOT APPLICABLE". | G30: Exp
A31: AEACNOTH | B31: Other Action Taken | C31: Char | E31: Record Qualifier | F31: Describes other actions taken as a result of the event that are unrelated to dose adjustments of study treatment. Usually reported as free text. Example: "TREATMENT UNBLINDED. PRIMARY CARE PHYSICIAN NOTIFIED". | G31: Perm
A32: AEACNDEV | B32: Action Taken with Device | C32: Char | E32: Record Qualifier | F32: An action taken with a device as the result of the event. The device may or may not be a device under study. | G32: Perm
A33: AEREL | B33: Causality | C33: Char | E33: Record Qualifier | F33: Records the investigator's opinion as to the causality of the event to the treatment. ICH E2A and E2B examples include "NOT RELATED", "UNLIKELY RELATED", "POSSIBLY RELATED", "RELATED". Controlled Terminology may be defined in the future. Check with regulatory authority for population of this variable. | G33: Exp
A34: AERLDEV | B34: Relationship of Event to Device | C34: Char | E34: Record Qualifier | F34: A judgment as to the likelihood that the device caused the adverse event. The relationship is to a device identified in the data (i.e., has an SPDEVID). The device may be ancillary or under study. Terminology: •In the EU, follow the European Commission Guidelines on Medical Devices, Clinical Investigations: SAE Reporting (MEDDEV 2.7/3) (e.g., Not Related, Unlikely, Possible, Probable, Causal Relationship), with device-specific definitions. • No required Controlled Terminology in US. | G34: Perm
A35: AERELNST | B35: Relationship to Non-Study Treatment | C35: Char | E35: Record Qualifier | F35: Records the investigator's opinion as to whether the event may have been due to a treatment other than study drug. May be reported as free text. Example: "MORE LIKELY RELATED TO ASPIRIN USE". | G35: Perm
A36: AEPATT | B36: Pattern of Adverse Event | C36: Char | E36: Record Qualifier | F36: Used to indicate the pattern of the event over time. Examples: "INTERMITTENT", "CONTINUOUS", "SINGLE EVENT". | G36: Perm
A37: AEOUT | B37: Outcome of Adverse Event | C37: Char | D37: (OUT) | E37: Record Qualifier | F37: Description of the outcome of an event. | G37: Perm
A38: AESCAN | B38: Involves Cancer | C38: Char | D38: (NY) | E38: Record Qualifier | F38: Was the serious event associated with the development of cancer? Valid values are "Y" and "N". This is a legacy seriousness criterion. It is not included in ICH E2A. | G38: Perm
A39: AESCONG | B39: Congenital Anomaly or Birth Defect | C39: Char | D39: (NY) | E39: Record Qualifier | F39: Was the serious event associated with congenital anomaly or birth defect? Valid values are "Y" and "N". | G39: Perm
A40: AESDISAB | B40: Persist or Signif Disability/Incapacity | C40: Char | D40: (NY) | E40: Record Qualifier | F40: Did the serious event result in persistent or significant disability/incapacity? Valid values are "Y" and "N". | G40: Perm
A41: AESDTH | B41: Results in Death | C41: Char | D41: (NY) | E41: Record Qualifier | F41: Did the serious event result in death? Valid values are "Y" and "N". | G41: Perm
A42: AESHOSP | B42: Requires or Prolongs Hospitalization | C42: Char | D42: (NY) | E42: Record Qualifier | F42: Did the serious event require or prolong hospitalization? Valid values are "Y" and "N". | G42: Perm
A43: AESLIFE | B43: Is Life Threatening | C43: Char | D43: (NY) | E43: Record Qualifier | F43: Was the serious event life threatening? Valid values are "Y" and "N". | G43: Perm
A44: AESOD | B44: Occurred with Overdose | C44: Char | D44: (NY) | E44: Record Qualifier | F44: Did the serious event occur with an overdose? Valid values are "Y" and "N". This is a legacy seriousness criterion. It is not included in ICH E2A. | G44: Perm
A45: AESMIE | B45: Other Medically Important Serious Event | C45: Char | D45: (NY) | E45: Record Qualifier | F45: Do additional categories for seriousness apply? Valid values are "Y" and "N". | G45: Perm
A46: AESINTV | B46: Needs Intervention to Prevent Impairment | C46: Char | D46: (NY) | E46: Record Qualifier | F46: Records whether medical or surgical intervention was necessary to preclude permanent impairment of a body function, or to prevent permanent damage to a body structure, with either situation suspected to be due to the use of a medical product. This variable is used in conjunction with the other "seriousness" variables (e.g., fatal, life-threatening). It is part of the US federal government definition of a serious adverse event; see 21 CFR Part 803.3(w)(3). | G46: Perm
A47: AEUNANT | B47: Unanticipated Adverse Device Effect | C47: Char | D47: (NY) | E47: Record Qualifier | F47: Any serious adverse effect on health or safety or any life-threatening problem or death caused by or associated with a device, if that effect, problem, or death was not previously identified in nature, severity, or degree of incidence in the investigational plan or application (including a supplementary plan or application),orany other unanticipated serious problem associated with a device that relates to the rights, safety, or welfare of subjects. (21 CFR Part 812.3(s)).This variable applies only to serious AEs and should hold collected data; if the value is derived, it should be held in ADaM. | G47: Perm
A48: AERLPRT | B48: Rel of AE to Non-Dev-Rel Study Activity | C48: Char | E48: Record Qualifier | F48: The investigator's opinion as to the causality of the event as related to other protocol-required activities, actions, or assessments (e.g., medication changes, tests/assessments, other procedures). The relationship is to a protocol-specified, non-device-related activity where the device is identified in the data (i.e., has an SPDEVID). The device may be ancillary or under study. Terminology: • In the EU, follow the European Commission Guidelines on Medical Devices, Clinical Investigations: SAE Reporting (MEDDEV 2.7/3) (e.g., Not Related, Unlikely, Possible, Probable, Causal Relationship), with device-specific definitions. • No required Controlled Terminology in US. | G48: Perm
A49: AERLPRC | B49: Rel of AE to Device-Related Procedure | C49: Char | E49: Record Qualifier | F49: The investigator's opinion as to the likelihood that the device-related study procedure (e.g., implant/insertion, revision/adjustment, explant/removal) caused the AE. The relationship is to a device_x0002_related procedure where the device is identified in the data (i.e., has an SPDEVID). The device may be ancillary or under study. Terminology: • In the EU, follow the European Commission Guidelines on Medical Devices, Clinical Investigations: SAE Reporting (MEDDEV 2.7/3) (e.g., Not Related, Unlikely, Possible, Probable, Causal Relationship), with device-specific definitions. • No required Controlled Terminology in US. | G49: Perm
A50: AECONTRT | B50: Concomitant or Additional Trtmnt Given | C50: Char | D50: (NY) | E50: Record Qualifier | F50: Was another treatment given because of the occurrence of the event? Valid values are "Y" and "N". | G50: Perm
A51: AETOXGR | B51: Standard Toxicity Grade | C51: Char | E51: Record Qualifier | F51: Toxicity grade according to a standard toxicity scale such as Common Terminology Criteria for Adverse Events v3.0 (CTCAE). Sponsor should specify name of the scale and version used in the metadata (see Assumption 6d). If value is from a numeric scale, represent only the number (e.g., "2" and not "Grade 2"). | G51: Perm
A52: TAETORD | B52: Planned Order of Element within Arm | C52: Num | E52: Timing | F52: Number that gives the planned order of the Element within the Arm. | G52: Perm
A53: EPOCH | B53: Epoch | C53: Char | D53: (EPOCH) | E53: Timing | F53: Epoch associated with the start date/time of the adverse event. Examples: "SCREENING", "TREATMENT", "FOLLOW-UP". | G53: Perm
A54: AESTDTC | B54: Start Date/Time of Adverse Event | C54: Char | D54: ISO 8601 | E54: Timing | F54: Start date/time of the adverse event represented in ISO 8601 character format. | G54: Exp
A55: AEENDTC | B55: End Date/Time of Adverse Event | C55: Char | D55: ISO 8601 | E55: Timing | F55: End date/time of the adverse event represented in ISO 8601 character format. | G55: Exp
A56: AESTDY | B56: Study Day of Start of Adverse Event | C56: Num | E56: Timing | F56: Study day of start of adverse event relative to the sponsor-defined RFSTDTC. | G56: Perm
A57: AEENDY | B57: Study Day of End of Adverse Event | C57: Num | E57: Timing | F57: Study day of end of event relative to the sponsor-defined RFSTDTC. | G57: Perm
A58: AEDUR | B58: Duration of Adverse Event | C58: Char | D58: ISO 8601 | E58: Timing | F58: Collected duration and unit of an adverse event. Used only if collected on the CRF and not derived from start and end date/times. Example: "P1DT2H" (for 1 day, 2 hours). | G58: Perm
A59: AEENRF | B59: End Relative to Reference Period | C59: Char | D59: (STENRF) | E59: Timing | F59: Describes the end of the event relative to the sponsor-defined reference period. The sponsor-defined reference period is a continuous period of time defined by a discrete starting point (RFSTDTC) and a discrete ending point (RFENDTC) of the trial. Not all values of the codelist are allowable for this variable. See Section 4.4.7, Use of Relative Timing Variables. | G59: Perm
A60: AEENRTPT | B60: End Relative to Reference Time Point | C60: Char | D60: (STENRF) | E60: Timing | F60: Identifies the end of the event as being before or after the reference time point defined by variable AEENTPT. Not all values of the codelist are allowable for this variable. See Section 4.4.7, Use of Relative Timing Variables. | G60: Perm
A61: AEENTPT | B61: End Reference Time Point | C61: Char | E61: Timing | F61: Description of date/time in ISO 8601 character format of the reference point referred to by AEENRTPT. Examples: "2003-12-25" or "VISIT 2". | G61: Perm

Sheet PC
A1: Variable Name | B1: Variable Label | C1: Type | D1: Controlled Terms, Codelist or Format | E1: Role | F1: CDISC Notes | G1: Core
A2: STUDYID | B2: Study Identifier | C2: Char | E2: Identifier | F2: Unique identifier for a study. | G2: Req
A3: DOMAIN | B3: Domain Abbreviation | C3: Char | D3: PC | E3: Identifier | F3: Two-character abbreviation for the domain. | G3: Req
A4: USUBJID | B4: Unique Subject Identifier | C4: Char | E4: Identifier | F4: Unique subject identifier within the submission. | G4: Req
A5: PCSEQ | B5: Sequence Number | C5: Num | E5: Identifier | F5: Sequence number given to ensure uniqueness of subject records within a domain. May be any valid number. | G5: Req
A6: PCGRPID | B6: Group ID | C6: Char | E6: Identifier | F6: Used to tie together a block of related records in a single domain to support relationships within the domain and between domains. | G6: Perm
A7: PCREFID | B7: Reference ID | C7: Char | E7: Identifier | F7: Internal or external specimen identifier. | G7: Perm
A8: PCSPID | B8: Sponsor-Defined Identifier | C8: Char | E8: Identifier | F8: Sponsor-defined reference number. | G8: Perm
A9: PCTESTCD | B9: Pharmacokinetic Test Short Name | C9: Char | E9: Topic | F9: Short name of the analyte or specimen characteristic. It can be used as a column name when converting a dataset from a vertical to a horizontal format. The value in PCTESTCD cannot be longer than 8 characters, nor can it start with a number (e.g., "1TEST" is not valid). PCTESTCD cannot contain characters other than letters, numbers, or underscores. Examples: "ASA", "VOL", "SPG". | G9: Req
A10: PCTEST | B10: Pharmacokinetic Test Name | C10: Char | E10: Synonym Qualifier | F10: Name of the analyte or specimen characteristic. Note any test normally performed by a clinical laboratory is considered a lab test. The value in PCTEST cannot be longer than 40 characters. Examples: "Acetylsalicylic Acid", "Volume", "Specific Gravity". | G10: Req
A11: PCCAT | B11: Test Category | C11: Char | E11: Grouping Qualifier | F11: Used to define a category of related records. Examples: "ANALYTE", "SPECIMEN PROPERTY". | G11: Perm
A12: PCSCAT | B12: Test Subcategory | C12: Char | E12: Grouping Qualifier | F12: A further categorization of a test category. | G12: Perm
A13: PCORRES | B13: Result or Finding in Original Units | C13: Char | E13: Result Qualifier | F13: Result of the measurement or finding as originally received or collected. | G13: Exp
A14: PCORRESU | B14: Original Units | C14: Char | D14: (PKUNIT) | E14: Variable Qualifier | F14: Original units in which the data were collected. The unit for PCORRES. Example: "mg/L". | G14: Exp
A15: PCSTRESC | B15: Character Result/Finding in Std Format | C15: Char | E15: Result Qualifier | F15: Contains the result value for all findings, copied or derived from PCORRES in a standard format or standard units. PCSTRESC should store all results or findings in character format; if results are numeric, they should also be stored in numeric format in PCSTRESN. For example, if a test has results "NONE", "NEG", and "NEGATIVE" in PCORRES, and these results effectively have the same meaning, they could be represented in standard format in PCSTRESC as "NEGATIVE". For other examples, see general assumptions. | G15: Exp
A16: PCSTRESN | B16: Numeric Result/Finding in Standard Units | C16: Num | E16: Result Qualifier | F16: Used for continuous or numeric results or findings in standard format; copied in numeric format from PCSTRESC. PCSTRESN should store all numeric test results or findings. | G16: Exp
A17: PCSTRESU | B17: Standard Units | C17: Char | D17: (PKUNIT) | E17: Variable Qualifier | F17: Standardized unit used for PCSTRESC and PCSTRESN. | G17: Exp
A18: PCSTAT | B18: Completion Status | C18: Char | D18: (ND) | E18: Record Qualifier | F18: Used to indicate a result was not obtained. Should be null if a result exists in PCORRES. | G18: Perm
A19: PCREASND | B19: Reason Test Not Done | C19: Char | E19: Record Qualifier | F19: Describes why a result was not obtained, such as "SPECIMEN LOST". Used in conjunction with PCSTAT when value is "NOT DONE". | G19: Perm
A20: PCNAM | B20: Vendor Name | C20: Char | E20: Record Qualifier | F20: Name or identifier of the laboratory or vendor who provides the test results. | G20: Exp
A21: PCSPEC | B21: Specimen Material Type | C21: Char | D21: (SPECTYPE) | E21: Record Qualifier | F21: Defines the type of specimen used for a measurement. Examples: "SERUM", "PLASMA", "URINE". | G21: Exp
A22: PCSPCCND | B22: Specimen Condition | C22: Char | D22: (SPECCOND) | E22: Record Qualifier | F22: Free or standardized text describing the condition of the specimen, e.g., "HEMOLYZED", "ICTERIC", "LIPEMIC". | G22: Perm
A23: PCMETHOD | B23: Method of Test or Examination | C23: Char | D23: (METHOD) | E23: Record Qualifier | F23: Method of the test or examination. Examples: "HPLC/MS", "ELISA". This should contain sufficient information and granularity to allow differentiation of various methods that might have been used within a study. | G23: Perm
A24: PCFAST | B24: Fasting Status | C24: Char | D24: (NY) | E24: Record Qualifier | F24: Indicator used to identify fasting status. | G24: Perm
A25: PCDRVFL | B25: Derived Flag | C25: Char | D25: (NY) | E25: Record Qualifier | F25: Used to indicate a derived record. The value should be "Y" or null. Records that represent the average of other records, which do not come from the CRF, are examples of records that would be derived for the submission datasets. If PCDRVFL = "Y", then PCORRES may be null with PCSTRESC, and PCSTRESN (if the result is numeric) having the derived value. | G25: Perm
A26: PCLLOQ | B26: Lower Limit of Quantitation | C26: Num | E26: Variable Qualifier | F26: Indicates the lower limit of quantitation for an assay. Units should be those used in PCSTRESU. | G26: Exp
A27: PCULOQ | B27: Upper Limit of Quantitation | C27: Num | E27: Variable Qualifier | F27: Indicates the upper limit of quantitation for an assay. Units should be those used in PCSTRESU. | G27: Perm
A28: VISITNUM | B28: Visit Number | C28: Num | E28: Timing | F28: 1. Clinical encounter number. 2. Numeric version of VISIT, used for sorting. | G28: Exp
A29: VISIT | B29: Visit Name | C29: Char | E29: Timing | F29: 1. Protocol-defined description of clinical encounter. 2. May be used in addition to VISITNUM and/or VISITDY. | G29: Perm
A30: VISITDY | B30: Planned Study Day of Visit | C30: Num | E30: Timing | F30: Planned study day of the visit based upon RFSTDTC in Demographics. | G30: Perm
A31: TAETORD | B31: Planned Order of Element within Arm | C31: Num | E31: Timing | F31: Number that gives the planned order of the Element within the Arm. | G31: Perm
A32: EPOCH | B32: Epoch | C32: Char | D32: (EPOCH) | E32: Timing | F32: Epoch associated with the start date/time of the observation, or the date/time of collection if start date/time is not collected. | G32: Perm
A33: PCDTC | B33: Date/Time of Specimen Collection | C33: Char | D33: ISO 8601 datetime or interval | E33: Timing | F33: Date/time of specimen collection represented in ISO 8601 character format. If there is no end time, then this will be the collection time. | G33: Exp
A34: PCENDTC | B34: End Date/Time of Specimen Collection | C34: Char | D34: ISO 8601 datetime or interval | E34: Timing | F34: End date/time of specimen collection represented in ISO 8601 character format. If there is no end time, the collection time should be stored in PCDTC, and PCENDTC should be null. | G34: Perm
A35: PCDY | B35: Actual Study Day of Specimen Collection | C35: Num | E35: Timing | F35: 1. Study day of specimen collection, measured as integer days. 2. Algorithm for calculations must be relative to the sponsor-defined RFSTDTC variable in Demographics. | G35: Perm
A36: PCENDY | B36: Study Day of End of Observation | C36: Num | E36: Timing | F36: Actual study day of end of observation expressed in integer days relative to the sponsor-defined RFSTDTC in Demographics. | G36: Perm
A37: PCTPT | B37: Planned Time Point Name | C37: Char | E37: Timing | F37: 1. Text description of time when specimen should be taken. 2. This may be represented as an elapsed time relative to a fixed reference point, such as time of last dose. See PCTPTNUM and PCTPTREF. Examples: "Start", "5 min post". | G37: Perm
A38: PCTPTNUM | B38: Planned Time Point Number | C38: Num | E38: Timing | F38: Numerical version of PCTPT to aid in sorting. | G38: Perm
A39: PCELTM | B39: Planned Elapsed Time from Time Point Ref | C39: Char | D39: ISO 8601 duration | E39: Timing | F39: Planned elapsed time (in ISO 8601) relative to a planned fixed reference (PCTPTREF) such as "PREVIOUS DOSE" or "PREVIOUS MEAL". This variable is useful where there are repetitive measures. Not a clock time or a date time variable. | G39: Perm
A40: PCTPTREF | B40: Time Point Reference | C40: Char | E40: Timing | F40: Name of the fixed reference point used as a basis for PCTPT, PCTPTNUM, and PCELTM. Example: "Most Recent Dose". | G40: Perm
A41: PCRFTDTC | B41: Date/Time of Reference Point | C41: Char | D41: ISO 8601 duration | E41: Timing | F41: Date/time of the reference time point described by PCTPTREF. | G41: Perm
A42: PCEVLINT | B42: Evaluation Interval | C42: Char | D42: ISO 8601 duration | E42: Timing | F42: Evaluation Interval associated with a PCTEST record represented in ISO 8601 character format. Example: "-PT2H" to represent an interval of 2 hours prior to a PCTPT. | G42: Perm

Sheet PP
A1: Variable Name | B1: Variable Label | C1: Type | D1: Controlled Terms, Codelist or Format | E1: Role | F1: CDISC Notes | G1: Core
A2: STUDYID | B2: Study Identifier | C2: Char | E2: Identifier | F2: Unique identifier for a study. | G2: Req
A3: DOMAIN | B3: Domain Abbreviation | C3: Char | D3: PP | E3: Identifier | F3: Two-character abbreviation for the domain. | G3: Req
A4: USUBJID | B4: Unique Subject Identifier | C4: Char | E4: Identifier | F4: Unique subject identifier within the submission. | G4: Req
A5: PPSEQ | B5: Sequence Number | C5: Num | E5: Identifier | F5: Sequence number given to ensure uniqueness of subject records within a domain. May be any valid number. | G5: Req
A6: PPGRPID | B6: Group ID | C6: Char | E6: Identifier | F6: Used to tie together a block of related records in a single domain to support relationships within the domain and between domains. | G6: Perm
A7: PPTESTCD | B7: Parameter Short Name | C7: Char | D7: (PKPARMCD) | E7: Topic | F7: Short name of the pharmacokinetic parameter. It can be used as a column name when converting a dataset from a vertical to a horizontal format. The value in PPTESTCD cannot be longer than 8 characters, nor can it start with a number (e.g., "1TEST" is not valid). PPTESTCD cannot contain characters other than letters, numbers, or underscores. Examples: "AUCALL", "TMAX", "CMAX". | G7: Req
A8: PPTEST | B8: Parameter Name | C8: Char | D8: (PKPARM) | E8: Synonym Qualifier | F8: Name of the pharmacokinetic parameter. The value in PPTEST cannot be longer than 40 characters. Examples: "AUC All", "Time of CMAX", "Max Conc". | G8: Req
A9: PPCAT | B9: Parameter Category | C9: Char | E9: Grouping Qualifier | F9: Used to define a category of related records. For PP, this should be the name of the analyte in PCTEST whose profile the parameter is associated with. | G9: Exp
A10: PPSCAT | B10: Parameter Subcategory | C10: Char | E10: Grouping Qualifier | F10: Categorization of the model type used to calculate the PK parameters. Examples: "COMPARTMENTAL", "NON-COMPARTMENTAL". | G10: Perm
A11: PPORRES | B11: Result or Finding in Original Units | C11: Char | E11: Result Qualifier | F11: Result of the measurement or finding as originally received or collected. | G11: Exp
A12: PPORRESU | B12: Original Units | C12: Char | D12: (PKUNIT), (PKUWG), (PKUWKG), (PKUDMG), (PKUDUG) | E12: Variable Qualifier | F12: Original units in which the data were collected. The unit for PPORRES. Example: "ng/L". See PP Assumption 3. | G12: Exp
A13: PPSTRESC | B13: Character Result/Finding in Std Format | C13: Char | E13: Result Qualifier | F13: Contains the result value for all findings, copied or derived from PPORRES in a standard format or standard units. PPSTRESC should store all results or findings in character format; if results are numeric, they should also be stored in numeric format in PPSTRESN. | G13: Exp
A14: PPSTRESN | B14: Numeric Result/Finding in Standard Units | C14: Num | E14: Result Qualifier | F14: Used for continuous or numeric results or findings in standard format; copied in numeric format from PPSTRESC. PPSTRESN should store all numeric test results or findings. | G14: Exp
A15: PPSTRESU | B15: Standard Units | C15: Char | D15: (PKUNIT), (PKUWG), (PKUWKG), (PKUDMG), (PKUDUG) | E15: Variable Qualifier | F15: Standardized unit used for PPSTRESC and PPSTRESN. See PP Assumption 3 . | G15: Exp
A16: PPSTAT | B16: Completion Status | C16: Char | D16: (ND) | E16: Record Qualifier | F16: Used to indicate that a parameter was not calculated. Should be null if a result exists in PPORRES. | G16: Perm
A17: PPREASND | B17: Reason Parameter Not Calculated | C17: Char | E17: Record Qualifier | F17: Describes why a parameter was not calculated, such as "INSUFFICIENT DATA". Used in conjunction with PPSTAT when value is "NOT DONE". | G17: Perm
A18: PPSPEC | B18: Specimen Material Type | C18: Char | D18: (SPECTYPE) | E18: Record Qualifier | F18: Defines the type of specimen used for a measurement. If multiple specimen types are used for a calculation (e.g., serum and urine for renal clearance), then this field should be left blank. Examples: "SERUM", "PLASMA", "URINE". | G18: Exp
A19: PPANMETH | B19: Analysis Method | C19: Char | D19: (PKANMET) | E19: Record Qualifier | F19: Analysis method applied to obtain a summarized result. Analysis method describes the method of secondary processing applied to a complex observation result. Example: A named formula used to calculate AUC, such as "LIN-LOG TRAPEZOIDAL METHOD". Sponsor-defined formulas can also be represented by this variable. Example: Calculating ratio AUCs where the PPANMETH may be "DRUG METABOLITE 1 TO DRUG PARENT" or "DRUG METABOLITE 2 TO METABOLITE 1". | G19: Perm
A20: TAETORD | B20: Planned Order of Element within Arm | C20: Num | E20: Timing | F20: Number that gives the planned order of the Element within the Arm. | G20: Perm
A21: EPOCH | B21: Epoch | C21: Char | D21: (EPOCH) | E21: Timing | F21: Epoch associated with the start date/time of the observation, or the date/time of collection if start date/time is not collected. | G21: Perm
A22: PPDTC | B22: Date/Time of Parameter Calculations | C22: Char | D22: ISO 8601 | E22: Timing | F22: Nominal date/time of parameter calculations. | G22: Perm
A23: PPDY | B23: Study Day of Parameter Calculations | C23: Num | E23: Timing | F23: Study day of the collection, in integer days. The algorithm for calculations must be relative to the sponsor-defined RFSTDTC variable in the Demographics (DM) domain. | G23: Perm
A24: PPTPTREF | B24: Time Point Reference | C24: Char | E24: Timing | F24: The description of a time point that acts as a fixed reference for a series of planned time points. | G24: Perm
A25: PPRFTDTC | B25: Date/Time of Reference Point | C25: Char | D25: ISO 8601 | E25: Timing | F25: Date/time of the reference time point from the PC records used to calculate a parameter record. The values in PPRFTDTC should be the same as that in PCRFTDTC for related records. | G25: Exp
A26: PPSTINT | B26: Planned Start of Assessment Interval | C26: Char | D26: ISO 8601 | E26: Timing | F26: The start of a planned evaluation or assessment interval relative to the Time Point Reference. | G26: Perm
A27: PPENINT | B27: Planned End of Assessment Interval | C27: Char | D27: ISO 8601 | E27: Timing | F27: The end of a planned evaluation or assessment interval relative to the Time Point Reference. | G27: Perm

Sheet IE
A1: Variable Name | B1: Variable Label | C1: Type | D1: Controlled Terms, Codelist or Format | E1: Role | F1: CDISC Notes | G1: Core
A2: STUDYID | B2: Study Identifier | C2: Char | E2: Identifier | F2: Unique identifier for a study. | G2: Req
A3: DOMAIN | B3: Domain Abbreviation | C3: Char | D3: IE | E3: Identifier | F3: Two-character abbreviation for the domain. | G3: Req
A4: USUBJID | B4: Unique Subject Identifier | C4: Char | E4: Identifier | F4: Identifier used to uniquely identify a subject across all studies for all applications or submissions involving the product. | G4: Req
A5: IESEQ | B5: Sequence Number | C5: Num | E5: Identifier | F5: Sequence number given to ensure uniqueness of subject records within a domain. May be any valid number. | G5: Req
A6: IESPID | B6: Sponsor-Defined Identifier | C6: Char | E6: Identifier | F6: Sponsor-defined reference number. Perhaps preprinted on the CRF as an explicit line identifier or defined in the sponsor's operational database. Example: Inclusion or Exclusion criteria number from CRF. | G6: Perm
A7: IETESTCD | B7: Inclusion/Exclusion Criterion Short Name | C7: Char | E7: Topic | F7: Short name of the criterion described in IETEST. The value in IETESTCD cannot be longer than 8 characters, nor can it start with a number (e.g., "1TEST" is not valid). IETESTCD cannot contain characters other than letters, numbers, or underscores. Examples: "IN01", "EX01". | G7: Req
A8: IETEST | B8: Inclusion/Exclusion Criterion | C8: Char | E8: Synonym Qualifier | F8: Verbatim description of the inclusion or exclusion criterion that was the exception for the subject within the study. IETEST cannot be longer than 200 characters. | G8: Req
A9: IECAT | B9: Inclusion/Exclusion Category | C9: Char | D9: (IECAT) | E9: Grouping Qualifier | F9: Used to define a category of related records across subjects. | G9: Req
A10: IESCAT | B10: Inclusion/Exclusion Subcategory | C10: Char | E10: Grouping Qualifier | F10: A further categorization of the exception criterion. Can be used to distinguish criteria for a sub-study or for to categorize as a major or minor exceptions. Examples: "MAJOR", "MINOR". | G10: Perm
A11: IEORRES | B11: I/E Criterion Original Result | C11: Char | D11: (NY) | E11: Result Qualifier | F11: Original response to Inclusion/Exclusion Criterion question, i.e., whether the inclusion or exclusion criterion was met. | G11: Req
A12: IESTRESC | B12: I/E Criterion Result in Std Format | C12: Char | D12: (NY) | E12: Result Qualifier | F12: Response to Inclusion/Exclusion criterion result in standard format. | G12: Req
A13: VISITNUM | B13: Visit Number | C13: Num | E13: Timing | F13: 1. Clinical encounter number. 2. Numeric version of VISIT, used for sorting. | G13: Perm
A14: VISIT | B14: Visit Name | C14: Char | E14: Timing | F14: 1. Protocol-defined description of clinical encounter. 2. May be used in addition to VISITNUM and/or VISITDY. | G14: Perm
A15: VISITDY | B15: Planned Study Day of Visit | C15: Num | E15: Timing | F15: Planned study day of the visit based upon RFSTDTC in Demographics. | G15: Perm
A16: TAETORD | B16: Planned Order of Element within Arm | C16: Num | E16: Timing | F16: Number that gives the planned order of the Element within the Arm for the Element in which the assessment was made. | G16: Perm
A17: EPOCH | B17: Epoch | C17: Char | D17: (EPOCH) | E17: Timing | F17: Epoch associated with the observation date/time of the inclusion/exclusion finding. | G17: Perm
A18: IEDTC | B18: Date/Time of Collection | C18: Char | D18: ISO 8601 | E18: Timing | F18: Collection date and time of the inclusion/exclusion criterion represented in ISO 8601 character format. | G18: Perm
A19: IEDY | B19: Study Day of Collection | C19: Num | E19: Timing | F19: 1. Study day of collection of the inclusion/exclusion exceptions, measured as integer days. 2. Algorithm for calculations must be relative to the sponsor-defined RFSTDTC variable in Demographics. This formula should be consistent across the submission. | G19: Perm

Sheet DV
A1: Variable Name | B1: Variable Label | C1: Type | D1: Controlled Terms, Codelist or Format | E1: Role | F1: CDISC Notes | G1: Core
A2: STUDYID | B2: Study Identifier | C2: Char | E2: Identifier | F2: Unique identifier for a study. | G2: Req
A3: DOMAIN | B3: Domain Abbreviation | C3: Char | D3: DV | E3: Identifier | F3: Two-character abbreviation for the domain. | G3: Req
A4: USUBJID | B4: Unique Subject Identifier | C4: Char | E4: Identifier | F4: Identifier used to uniquely identify a subject across all studies for all applications or submissions involving the product. | G4: Req
A5: DVSEQ | B5: Sequence Number | C5: Num | E5: Identifier | F5: Sequence Number given to ensure uniqueness of subject records within a domain. May be any valid number. | G5: Req
A6: DVREFID | B6: Reference ID | C6: Char | E6: Identifier | F6: Internal or external identifier. | G6: Perm
A7: DVSPID | B7: Sponsor-Defined Identifier | C7: Char | E7: Identifier | F7: Sponsor-defined reference number. Perhaps preprinted on the CRF as an explicit line identifier or defined in the sponsor's operational database. Example: Line number on a CRF page. | G7: Perm
A8: DVTERM | B8: Protocol Deviation Term | C8: Char | E8: Topic | F8: Verbatim name of the protocol deviation criterion. Example: "IVRS PROCESS DEVIATION - NO DOSE CALL PERFORMED". The DVTERM values will map to the controlled terminology in DVDECOD, such as "TREATMENT DEVIATION". | G8: Req
A9: DVDECOD | B9: Protocol Deviation Coded Term | C9: Char | E9: Synonym Qualifier | F9: Controlled terminology for the name of the protocol deviation. Examples: "SUBJECT NOT WITHDRAWN AS PER PROTOCOL", "SELECTION CRITERIA NOT MET", "EXCLUDED CONCOMITANT MEDICATION", "TREATMENT DEVIATION". | G9: Perm
A10: DVCAT | B10: Category for Protocol Deviation | C10: Char | E10: Grouping Qualifier | F10: Category of the protocol deviation criterion. | G10: Perm
A11: DVSCAT | B11: Subcategory for Protocol Deviation | C11: Char | E11: Grouping Qualifier | F11: A further categorization of the protocol deviation. | G11: Perm
A12: TAETORD | B12: Planned Order of Element within Arm | C12: Num | E12: Timing | F12: Number that gives the planned order of the Element within the Arm. | G12: Perm
A13: EPOCH | B13: Epoch | C13: Char | D13: (EPOCH) | E13: Timing | F13: Epoch associated with the start date/time of the deviation. Examples: "TREATMENT", "SCREENING", "FOLLOW-UP". | G13: Perm
A14: DVSTDTC | B14: Start Date/Time of Deviation | C14: Char | D14: ISO 8601 | E14: Timing | F14: Start date/time of deviation represented in ISO 8601 character format. | G14: Perm
A15: DVENDTC | B15: End Date/Time of Deviation | C15: Char | D15: ISO 8601 | E15: Timing | F15: End date/time of deviation represented in ISO 8601 character format. | G15: Perm
A16: DVSTDY | B16: Study Day of Start of Deviation Event | C16: Num | E16: Timing | F16: Study day of start of event relative to the sponsor-defined RFSTDTC. | G16: Perm
A17: DVENDY | B17: Study Day of End of Observation | C17: Num | E17: Timing | F17: Study day of end of event relative to the sponsor-defined RFSTDTC. | G17: Perm

Sheet SU
A1: Variable Name | B1: Variable Label | C1: Type | D1: Controlled Terms, Codelist or Format | E1: Role | F1: CDISC Notes | G1: Core
A2: STUDYID | B2: Study Identifier | C2: Char | E2: Identifier | F2: Unique identifier for a study. | G2: Req
A3: DOMAIN | B3: Domain Abbreviation | C3: Char | D3: SU | E3: Identifier | F3: Two-character abbreviation for the domain. | G3: Req
A4: USUBJID | B4: Unique Subject Identifier | C4: Char | E4: Identifier | F4: Identifier used to uniquely identify a subject across all studies for all applications or submissions involving the product. | G4: Req
A5: SUSEQ | B5: Sequence Number | C5: Num | E5: Identifier | F5: Sequence Number given to ensure uniqueness of subject records within a domain. May be any valid number. | G5: Req
A6: SUGRPID | B6: Group ID | C6: Char | E6: Identifier | F6: Used to tie together a block of related records in a single domain for a subject. | G6: Perm
A7: SUSPID | B7: Sponsor-Defined Identifier | C7: Char | E7: Identifier | F7: Sponsor-defined reference number. Perhaps pre-printed on the CRF as an explicit line identifier or defined in the sponsor's operational database. Example: Line number on a Tobacco & Alcohol use CRF page. | G7: Perm
A8: SUTRT | B8: Reported Name of Substance | C8: Char | E8: Topic | F8: Substance name. Examples: "Cigarettes", "Coffee". | G8: Req
A9: SUMODIFY | B9: Modified Substance Name | C9: Char | E9: Synonym Qualifier | F9: If SUTRT is modified, then the modified text is placed here. | G9: Perm
A10: SUDECOD | B10: Standardized Substance Name | C10: Char | E10: Synonym Qualifier | F10: Standardized or dictionary-derived text description of SUTRT or SUMODIFY if the sponsor chooses to code the substance use. The sponsor is expected to provide the dictionary name and version used to map the terms utilizing the external codelist element in the Define-XML document. | G10: Perm
A11: SUCAT | B11: Category for Substance Use | C11: Char | E11: Grouping Qualifier | F11: Used to define a category of related records. Examples: "TOBACCO", "ALCOHOL", or "CAFFEINE". | G11: Perm
A12: SUSCAT | B12: Subcategory for Substance Use | C12: Char | E12: Grouping Qualifier | F12: A further categorization of substance use. Examples: "CIGARS", "CIGARETTES", "BEER", "WINE". | G12: Perm
A13: SUPRESP | B13: SU Pre-Specified | C13: Char | D13: (NY) | E13: Variable Qualifier | F13: Used to indicate whether ("Y"/null) information about the use of a specific substance was solicited on the CRF. | G13: Perm
A14: SUOCCUR | B14: SU Occurrence | C14: Char | D14: (NY) | E14: Record Qualifier | F14: When the use of specific substances is solicited, SUOCCUR is used to indicate whether or not ("Y"/"N") a particular pre-specified substance was used. Values are null for substances not specifically solicited. | G14: Perm
A15: SUSTAT | B15: Completion Status | C15: Char | D15: (ND) | E15: Record Qualifier | F15: When the use of pre-specified substances is solicited, the completion status indicates that there was no response to the question about the pre-specified substance. When there is no pre-specified list on the CRF, then the completion status indicates that substance use was not assessed for the subject. | G15: Perm
A16: SUREASND | B16: Reason Substance Use Not Collected | C16: Char | E16: Record Qualifier | F16: Describes the reason substance use was not collected. Used in conjunction with SUSTAT when value of SUSTAT is "NOT DONE". | G16: Perm
A17: SUCLAS | B17: Substance Use Class | C17: Char | E17: Variable Qualifier | F17: Substance use class. May be obtained from coding. When coding to a single class, populate with class value. If using a dictionary and coding to multiple classes, then follow Section 4.2.8.3, Multiple Values for a Non-Result Qualifier Variable, or omit SUCLAS. | G17: Perm
A18: SUCLASCD | B18: Substance Use Class Code | C18: Char | E18: Variable Qualifier | F18: Code corresponding to SUCLAS. May be obtained from coding. | G18: Perm
A19: SUDOSE | B19: Substance Use Consumption | C19: Num | E19: Record Qualifier | F19: Amount of SUTRT consumed. Not populated if SUDOSTXT is populated. | G19: Perm
A20: SUDOSTXT | B20: Substance Use Consumption Text | C20: Char | E20: Record Qualifier | F20: Substance use consumption amounts or a range of consumption information collected in text form. Not populated if SUDOSE is populated. | G20: Perm
A21: SUDOSU | B21: Consumption Units | C21: Char | D21: (UNIT) | E21: Variable Qualifier | F21: Units for SUDOSE, SUDOSTOT, or SUDOSTXT. Examples: "OUNCES", "CIGARETTE EQUIVALENTS", "GRAMS". | G21: Perm
A22: SUDOSFRM | B22: Dose Form | C22: Char | E22: Variable Qualifier | F22: Dose form for SUTRT. Examples: "INJECTABLE", "LIQUID", or "POWDER". | G22: Perm
A23: SUDOSFRQ | B23: Use Frequency Per Interval | C23: Char | D23: (FREQ) | E23: Variable Qualifier | F23: Usually expressed as the number of repeated administrations of SUDOSE within a specific time period. Example: "Q24H" (every day). | G23: Perm
A24: SUDOSTOT | B24: Total Daily Consumption | C24: Num | E24: Record Qualifier | F24: Total daily use of SUTRT using the units in SUDOSU. Used when dosing is collected as Total Daily Dose. If sponsor needs to aggregate the data over a period other than daily, then the aggregated total could be recorded in a Supplemental Qualifier variable. | G24: Perm
A25: SUROUTE | B25: Route of Administration | C25: Char | D25: (ROUTE) | E25: Variable Qualifier | F25: Route of administration for SUTRT. Examples: "ORAL", "INTRAVENOUS". | G25: Perm
A26: TAETORD | B26: Planned Order of Element within Arm | C26: Num | E26: Timing | F26: Number that gives the planned order of the Element within the Arm for the Element in which the substance use started. Null for substances that started before study participation. | G26: Perm
A27: EPOCH | B27: Epoch | C27: Char | D27: (EPOCH) | E27: Timing | F27: Epoch associated with the start date/time of the substance use. Null for substances that started before study participation. | G27: Perm
A28: SUSTDTC | B28: Start Date/Time of Substance Use | C28: Char | D28: ISO 8601 | E28: Timing | F28: Start date/time of the substance use represented in ISO 8601 character format. | G28: Perm
A29: SUENDTC | B29: End Date/Time of Substance Use | C29: Char | D29: ISO 8601 | E29: Timing | F29: End date/time of the substance use represented in ISO 8601 character format. | G29: Perm
A30: SUSTDY | B30: Study Day of Start of Substance Use | C30: Num | E30: Timing | F30: Study day of start of substance use relative to the sponsor-defined RFSTDTC. | G30: Perm
A31: SUENDY | B31: Study Day of End of Substance Use | C31: Num | E31: Timing | F31: Study day of end of substance use relative to the sponsor-defined RFSTDTC. | G31: Perm
A32: SUDUR | B32: Duration of Substance Use | C32: Char | D32: ISO 8601 | E32: Timing | F32: Collected duration of substance use in ISO 8601 format. Used only if collected on the CRF and not derived from start and end date/times. | G32: Perm
A33: SUSTRF | B33: Start Relative to Reference Period | C33: Char | D33: (STENRF) | E33: Timing | F33: Describes the start of the substance use relative to the sponsor-defined reference period. The sponsor-defined reference period is a continuous period of time defined by a discrete starting point and a discrete ending point (represented by RFSTDTC and RFENDTC in Demographics). If information such as "PRIOR" was collected, this information may be translated into SUSTRF. Not all values of the codelist are allowable for this variable. See Section 4.4.7, Use of Relative Timing Variables. | G33: Perm
A34: SUENRF | B34: End Relative to Reference Period | C34: Char | D34: (STENRF) | E34: Timing | F34: Describes the end of the substance use with relative to the sponsor-defined reference period. The sponsor-defined reference period is a continuous period of time defined by a discrete starting point and a discrete ending point (represented by RFSTDTC and RFENDTC in Demographics). If information such as "PRIOR", "ONGOING", or "CONTINUING" was collected, this information may be translated into SUENRF. Not all values of the codelist are allowable for this variable. See Section 4.4.7, Use of Relative Timing Variables. | G34: Perm
A35: SUSTRTPT | B35: Start Relative to Reference Time Point | C35: Char | D35: (STENRF) | E35: Timing | F35: Identifies the start of the substance as being before or after the reference time point defined by variable SUSTTPT. Not all values of the codelist are allowable for this variable. See Section 4.4.7 , Use of Relative Timing Variables. | G35: Perm
A36: SUSTTPT | B36: Start Reference Time Point | C36: Char | E36: Timing | F36: Description or date/time in ISO 8601 character format of the reference point referred to by SUSTRTPT. Examples: "2003-12-15" or "VISIT 1". | G36: Perm
A37: SUENRTPT | B37: End Relative to Reference Time Point | C37: Char | D37: (STENRF) | E37: Timing | F37: Identifies the end of the substance as being before or after the reference time point defined by variable SUENTPT. Not all values of the codelist are allowable for this variable. See Section 4.4.7 , Use of Relative Timing Variables. | G37: Perm
A38: SUENTPT | B38: End Reference Time Point | C38: Char | E38: Timing | F38: Description or date/time in ISO 8601 character format of the reference point referred to by SUENRTPT. Examples: "2003-12-25" or "VISIT 2". | G38: Perm

Sheet SM
A1: Variable Name | B1: Variable Label | C1: Type | D1: Controlled Terms, Codelist or Format | E1: Role | F1: CDISC Notes | G1: Core
A2: STUDYID | B2: Study Identifier | C2: Char | E2: Identifier | F2: Unique identifier for a study. | G2: Req
A3: DOMAIN | B3: Domain | C3: Char | D3: SM | E3: Identifier | F3: Two-character abbreviation for the domain. | G3: Req
A4: USUBJID | B4: Unique Subject Identifier | C4: Char | E4: Identifier | F4: Identifier used to uniquely identify a subject across all studies. | G4: Req
A5: SMSEQ | B5: Sequence Number | C5: Num | E5: Identifier | F5: Sequence number to ensure uniqueness of subject records. Should be assigned to be consistent chronological order. | G5: Req
A6: MIDS | B6: Disease Milestone Instance Name | C6: Char | E6: Topic | F6: Name of the specific Disease Milestone. For types of Disease Milestone that can occur multiple times, the name will end with a sequence number. Example: "HYPO1". | G6: Req
A7: MIDSTYPE | B7: Disease Milestone Type | C7: Char | E7: Record Qualifier | F7: The type of Disease Milestone. Example: "HYPOGLYCEMIC EVENT". | G7: Req
A8: SMSTDTC | B8: Start Date/Time of Milestone | C8: Char | D8: ISO 8601 | E8: Timing | F8: State date/time of Milestone Instance, if Milestone is an intervention or event, or date of Milestone if Milestone is a finding. | G8: Exp
A9: SMENDTC | B9: End Date/Time of Milestone | C9: Char | D9: ISO 8601 | E9: Timing | F9: End date/time of Disease Milestone Instance. | G9: Exp
A10: SMSTDY | B10: Study Day of Start of Milestone | C10: Num | E10: Timing | F10: Study day of start of Disease Milestone Instance, relative to the sponsor-defined RFSTDTC. | G10: Exp
A11: SMENDY | B11: Study Day of End of Milestone | C11: Num | E11: Timing | F11: Study day of end of Disease Milestone Instance, relative to the sponsor-defined RFSTDTC. | G11: Exp

Sheet AG
A1: Variable Name | B1: Variable Label | C1: Type | D1: Controlled Terms, Codelist or Format | E1: Role | F1: CDISC Notes | G1: Core
A2: STUDYID | B2: Study Identifier | C2: Char | E2: Identifier | F2: Unique identifier for a study. | G2: Req
A3: DOMAIN | B3: Domain Abbreviation | C3: Char | D3: AG | E3: Identifier | F3: Two-character abbreviation for the domain. | G3: Req
A4: USUBJID | B4: Unique Subject Identifier | C4: Char | E4: Identifier | F4: Identifier used to uniquely identify a subject across all studies for all applications or submissions involving the product. | G4: Req
A5: AGSEQ | B5: Sequence Number | C5: Num | E5: Identifier | F5: Sequence Number given to ensure uniqueness of subject records within a domain. May be any valid number. | G5: Req
A6: AGGRPID | B6: Group ID | C6: Char | E6: Identifier | F6: Used to tie together a block of related records in a single domain for a subject. | G6: Perm
A7: AGSPID | B7: Sponsor-Defined Identifier | C7: Char | E7: Identifier | F7: Sponsor-defined reference number. Perhaps pre-printed on the CRF as an explicit line identifier or defined in the sponsor's operational database. Example: Line number from the procedure or test page. | G7: Perm
A8: AGLNKID | B8: Link ID | C8: Char | E8: Identifier | F8: Identifier used to link related records across domains.This may be a one-to-one or a one-to-many relationship. | G8: Perm
A9: AGLNKGRP | B9: Link Group ID | C9: Char | E9: Identifier | F9: Identifier used to link related records across domains.This will usually be a many-to-one relationship. | G9: Perm
A10: AGTRT | B10: Reported Agent Name | C10: Char | E10: Topic | F10: Verbatim medication name that is either pre-printed or collected on a CRF. | G10: Req
A11: AGMODIFY | B11: Modified Reported Name | C11: Char | E11: Synonym Qualifier | F11: If AGTRT is modified to facilitate coding, then AGMODIFY will contain the modified text. | G11: Perm
A12: AGDECOD | B12: Standardized Agent Name | C12: Char | E12: Synonym Qualifier | F12: Standardized or dictionary-derived text description of AGTRT or AGMODIFY. Equivalent to the generic medication name in WHO Drug. The sponsor is expected to provide the dictionary name and version used to map the terms utilizing the external codelist element in the Define-XML document. If an intervention term does not have a decode value in the dictionary, then AGDECOD will be left blank. | G12: Perm
A13: AGCAT | B13: Category for Agent | C13: Char | E13: Grouping Qualifier | F13: Used to define a category of agent. Examples: "CHALLENGE AGENT", or "PET TRACER". | G13: Perm
A14: AGSCAT | B14: Subcategory for Agent | C14: Char | E14: Grouping Qualifier | F14: Further categorization of agent. | G14: Perm
A15: AGPRESP | B15: AG Pre-Specified | C15: Char | D15: (NY) | E15: Variable Qualifier | F15: Used to indicate whether ("Y"/null) information about the use of a specific agent was solicited on the CRF. | G15: Perm
A16: AGOCCUR | B16: AG Occurrence | C16: Char | D16: (NY) | E16: Record Qualifier | F16: When the use of specific agent is solicited, AGOCCUR is used to indicate whether or not ("Y"/"N") use of the agent occurred. Values are null for agents not specifically solicited. | G16: Perm
A17: AGSTAT | B17: Completion Status | C17: Char | D17: (ND) | E17: Record Qualifier | F17: Used to indicate that a question about a pre-specified agent was not answered. Should be null or have a value of "NOT DONE". | G17: Perm
A18: AGREASND | B18: Reason Procedure Agent Not Collected | C18: Char | E18: Record Qualifier | F18: Describes the reason a response to a question about the occurrence of a procedure agent was not collected. Used in conjunction with AGSTAT when value is "NOT DONE". | G18: Perm
A19: AGCLAS | B19: Agent Class | C19: Char | E19: Variable Qualifier | F19: Drug class. May be obtained from coding. When coding to a single class, populate with class value. If using a dictionary and coding to multiple classes, then follow assumption 4.1.2.8.3 or omit AGCLAS. | G19: Perm
A20: AGCLASCD | B20: Agent Class Code | C20: Char | E20: Variable Qualifier | F20: Class code corresponding to AGCLAS. Drug class. May be obtained from coding. When coding to a single class, populate with class code. If using a dictionary and coding to multiple classes, then follow Assumption 4.1.2.8.3, Multiple Values for a Non-Result Qualifier Variable, or omit AGCLASCD. | G20: Perm
A21: AGDOSE | B21: Dose per Administration | C21: Num | E21: Record Qualifier | F21: Amount of AGTRT taken. | G21: Perm
A22: AGDOSTXT | B22: Dose Description | C22: Char | E22: Record Qualifier | F22: Dosing amounts or a range of dosing information collected in text form. Units may be stored in AGDOSU. Example: "200-400", "15-20". | G22: Perm
A23: AGDOSU | B23: Dose Units | C23: Char | D23: (UNIT) | E23: Variable Qualifier | F23: Units for AGDOSE and AGDOSTXT. Examples: "ng", "mg", or "mg/kg". | G23: Perm
A24: AGDOSFRM | B24: Dose Form | C24: Char | D24: (FRM) | E24: Variable Qualifier | F24: Dose form for AGTRT. Examples: "TABLET", "AEROSOL". | G24: Perm
A25: AGDOSFRQ | B25: Dosing Frequency per Interval | C25: Char | D25: (FREQ) | E25: Variable Qualifier | F25: Usually expressed as the number of repeated administrations of AGDOSE within a specific time period. Example: "ONCE". | G25: Perm
A26: AGROUTE | B26: Route of Administration | C26: Char | D26: (ROUTE) | E26: Variable Qualifier | F26: Route of administration for AGTRT. Examples: "ORAL". | G26: Perm
A27: VISITNUM | B27: Visit Number | C27: Num | E27: Timing | F27: 1. Clinical encounter number. 2. Numeric version of VISIT, used for sorting. | G27: Exp
A28: VISIT | B28: Visit Name | C28: Char | E28: Timing | F28: 1. Protocol-defined description of clinical encounter. 2. May be used in addition to VISITNUM and/or VISITDY. | G28: Perm
A29: VISITDY | B29: Planned Study Day of Visit | C29: Num | E29: Timing | F29: Planned study day of the visit based upon RFSTDTC in Demographics. | G29: Perm
A30: TAETORD | B30: Planned Order of Element within Arm | C30: Num | E30: Timing | F30: Number that gives the planned order of the Element within the Arm for the Element in which the agent administration started. | G30: Perm
A31: EPOCH | B31: Epoch | C31: Char | D31: (EPOCH) | E31: Timing | F31: Epoch associated with the start date/time of the agent administration started. | G31: Perm
A32: AGSTDTC | B32: Start Date/Time of Agent | C32: Char | D32: ISO 8601 | E32: Timing | F32: The date/time when administration of the treatment indicated by AGTRT and the dosing variables began. | G32: Perm
A33: AGENDTC | B33: End Date/Time of Agent | C33: Char | D33: ISO 8601 | E33: Timing | F33: The date/time when administration of the treatment indicated by AGTRT and the dosing variables ended. | G33: Perm
A34: AGSTDY | B34: Study Day of Start of Agent | C34: Num | E34: Timing | F34: Study day of start of agent relative to the sponsor-defined RFSTDTC. | G34: Perm
A35: AGENDY | B35: Study Day of End of Agent | C35: Num | E35: Timing | F35: Study day of end of agent relative to the sponsor-defined RFSTDTC. | G35: Perm
A36: AGDUR | B36: Duration of Agent | C36: Char | D36: ISO 8601 | E36: Timing | F36: Collected duration for an agent episode. Used only if collected on the CRF and not derived from start and end date/times. | G36: Perm
A37: AGSTRF | B37: Start Relative to Reference Period | C37: Char | D37: (STENRF) | E37: Timing | F37: Describes the start of the agent relative to sponsor-defined reference period. The sponsor-defined reference period is a continuous period of time defined by a discrete starting point and a discrete ending point (represented by RFSTDTC and RFENDTC in Demographics). If information such as "PRIOR", "ONGOING", or "CONTINUING" was collected, this information may be translated into AGSTRF. | G37: Perm
A38: AGENRF | B38: End Relative to Reference Period | C38: Char | D38: (STENRF) | E38: Timing | F38: Describes the end of the agent relative to the sponsor-defined reference period. The sponsor-defined reference period is a continuous period of time defined by a discrete starting point and a discrete ending point (represented by RFSTDTC and RFENDTC in Demographics). If information such as "PRIOR", "ONGOING", or "CONTINUING" was collected, this information may be translated into AGENRF. | G38: Perm
A39: AGSTRTPT | B39: Start Relative to Reference Time Point | C39: Char | D39: (STENRF) | E39: Timing | F39: Identifies the start of the agent as being before or after the sponsor-defined reference time point defined by variable AGSTTPT. | G39: Perm
A40: AGSTTPT | B40: Start Reference Time Point | C40: Char | E40: Timing | F40: Description or date/time in ISO 8601 character format of the reference point referred to by AGSTRTPT. Examples: "2003-12-15" or "VISIT 1". | G40: Perm
A41: AGENRTPT | B41: End Relative to Reference Time Point | C41: Char | D41: (STENRF) | E41: Timing | F41: Identifies the end of the agent as being before or after the reference time point defined by variable AGENTPT. Identifies the end of the agent as being before or after the sponsor-defined reference time point defined by variable AGENTPT. | G41: Perm
A42: AGENTPT | B42: End Reference Time Point | C42: Char | E42: Timing | F42: Description or date/time in ISO 8601 character format of the reference point referred to by AGENRTPT. Examples: "2003-12-25" or "VISIT 2". | G42: Perm

Sheet ML
A1: Variable Name | B1: Variable Label | C1: Type | D1: Controlled Terms, Codelist or Format | E1: Role | F1: CDISC Notes | G1: Core
A2: STUDYID | B2: Study Identifier | C2: Char | E2: Identifier | F2: Unique identifier for a study. | G2: Req
A3: DOMAIN | B3: Domain Abbreviation | C3: Char | D3: ML | E3: Identifier | F3: Two-character abbreviation for the domain. | G3: Req
A4: USUBJID | B4: Unique Subject Identifier | C4: Char | E4: Identifier | F4: Identifier used to uniquely identify a subject across all studies for all applications or submissions involving the product. | G4: Req
A5: MLSEQ | B5: Sequence Number | C5: Num | E5: Identifier | F5: Sequence Number given to ensure uniqueness of subject records within a domain. May be any valid number. | G5: Req
A6: MLGRPID | B6: Group ID | C6: Char | E6: Identifier | F6: Used to tie together a block of related records in a single domain for a subject. | G6: Perm
A7: MLSPID | B7: Sponsor-Defined Identifier | C7: Char | E7: Identifier | F7: Sponsor-defined reference number. Examples: a number pre-printed on the CRF as an explicit line identifier or record identifier defined in the sponsor's operational database. | G7: Perm
A8: MLTRT | B8: Name of Meal | C8: Char | E8: Topic | F8: Verbatim food product name that is either pre-printed or collected on a CRF. | G8: Req
A9: MLCAT | B9: Category for Meal | C9: Char | E9: Grouping Qualifier | F9: Used to define a category of MLTRT values. | G9: Perm
A10: MLSCAT | B10: Subcategory for Meal | C10: Char | E10: Grouping Qualifier | F10: Used to define a further categorization of MLCAT values. | G10: Perm
A11: MLPRESP | B11: ML Pre-specified | C11: Char | D11: (NY) | E11: Variable Qualifier | F11: Used when a specific meal is pre-specified on a CRF. Values should be "Y" or null. | G11: Perm
A12: MLOCCUR | B12: ML Occurrence | C12: Char | D12: (NY) | E12: Record Qualifier | F12: Used to record whether a pre-specified meal occurred when information about the occurrence of a specific meal is solicited. | G12: Perm
A13: MLSTAT | B13: Completion Status | C13: Char | D13: (ND) | E13: Record Qualifier | F13: Used to indicate when a question about the occurrence of a pre-specified meal was not answered. Should be null or have a value of "NOT DONE". | G13: Perm
A14: MLREASND | B14: Reason Meal Not Collected | C14: Char | E14: Record Qualifier | F14: Describes the reason a response to a question about the occurrence of a meal was not collected. Used in conjunction with MLSTAT when value is "NOT DONE". | G14: Perm
A15: MLDOSE | B15: Dose | C15: Num | E15: Record Qualifier | F15: Amount of MLTRT consumed. Not populated when MLDOSTXT is populated. | G15: Perm
A16: MLDOSTXT | B16: Dose Description | C16: Char | E16: Record Qualifier | F16: Amount description of MLTRT consumed, collected in text form. Not populated when MLDOSE is populated. Examples: "<1 per day", "200-400". | G16: Perm
A17: MLDOSU | B17: Dose Units | C17: Char | D17: (UNIT) | E17: Variable Qualifier | F17: Units for MLDOSE, MLDOSTOT, or MLDOSTXT. | G17: Perm
A18: MLDOSFRM | B18: Dose Form | C18: Char | D18: (FRM) | E18: Variable Qualifier | F18: Dosage form for MLTRT. Example: "BAR, CHEWABLE". | G18: Perm
A19: VISITNUM | B19: Visit Number | C19: Num | E19: Timing | F19: Clinical encounter number. Numeric version of VISIT, used for sorting. | G19: Perm
A20: VISIT | B20: Visit Name | C20: Char | E20: Timing | F20: Protocol-defined description of a clinical encounter. | G20: Perm
A21: VISITDY | B21: Planned Study Day of Visit | C21: Num | E21: Timing | F21: Planned study day of VISIT. Should be an integer. | G21: Perm
A22: TAETORD | B22: Planned Order of Element within Arm | C22: Num | E22: Timing | F22: Number that gives the planned order of the Element within the Arm for the Element in which the meal started. | G22: Perm
A23: EPOCH | B23: Epoch | C23: Char | D23: (EPOCH) | E23: Timing | F23: Epoch associated with the start date/time of the meal. | G23: Perm
A24: MLDTC | B24: Date/Time of Collection | C24: Char | D24: ISO 8601 | E24: Timing | F24: Collection date and time of the meal represented in ISO 8601 character format. | G24: Perm
A25: MLSTDTC | B25: Start Date/Time of Meal | C25: Char | D25: ISO 8601 | E25: Timing | F25: Start date/time of the meal represented in ISO 8601 character format. | G25: Perm
A26: MLENDTC | B26: End Date/Time of Meal | C26: Char | D26: ISO 8601 | E26: Timing | F26: End date/time of the meal represented in ISO 8601 character format. | G26: Perm
A27: MLDY | B27: Study Day of Visit/Collection/Exam | C27: Num | E27: Timing | F27: Actual study day of the visit/collection expressed in integer days relative to the sponsor-defined RFSTDTC in Demographics. | G27: Perm
A28: MLSTDY | B28: Study Day of Start of Meal | C28: Num | E28: Timing | F28: Actual study day of start of the meal expressed in integer days relative to sponsor-defined RFSTDTC in Demographics. | G28: Perm
A29: MLENDY | B29: Study Day of End of Meal | C29: Num | E29: Timing | F29: Actual study day of end of the meal expressed in integer days relative to the sponsor-defined RFSTDTC in Demographics. | G29: Perm
A30: MLDUR | B30: Duration of Meal | C30: Char | D30: ISO 8601 | E30: Timing | F30: Collected duration of the meal represented in ISO 8601 character format. Used only if collected on the CRF and not derived. | G30: Perm
A31: MLTPT | B31: Planned Time Point Name | C31: Char | E31: Timing | F31: Text description of time when a measurement or observation should be taken as defined in the protocol. This may be represented as an elapsed time relative to a fixed reference point. See MLTPTNUM and MLTPTREF. | G31: Perm
A32: MLTPTNUM | B32: Planned Time Point Number | C32: Num | E32: Timing | F32: Numeric version of planned time point used in sorting. | G32: Perm
A33: MLELTM | B33: Planned Elapsed Time from Time Point Ref | C33: Char | D33: ISO 8601 | E33: Timing | F33: Planned Elapsed time (in ISO 8601) relative to the planned fixed reference (MLTPTREF). This variable is useful when there are repetitive measures. Not a clock time or a date/time variable. Represented as an ISO 8601 duration. | G33: Perm
A34: MLTPTREF | B34: Time Point Reference | C34: Char | E34: Timing | F34: Description of the fixed reference point referred to by MLELTM, MLTPTNUM, and MLTPT. | G34: Perm
A35: MLRFTDTC | B35: Date/Time of Reference Time Point | C35: Char | D35: ISO 8601 | E35: Timing | F35: Date/time for a fixed reference time point defined by MLTPTREF in ISO 8601 character format. | G35: Perm
A36: MIDS | B36: Disease Milestone Instance Name | C36: Char | E36: Timing | F36: The name of a specific instance of a Disease Milestone Type (MIDSTYPE) described in the Trial Disease Milestones dataset. This should be unique within a subject. Used only in conjunction with RELMIDS and MIDSDTC. | G36: Perm
A37: RELMIDS | B37: Temporal Relation to Milestone Instance | C37: Char | E37: Timing | F37: The temporal relationship of the observation to the Disease Milestone Instance Name in MIDS. Examples: "IMMEDIATELY BEFORE", "AT TIME OF", "AFTER". | G37: Perm
A38: MIDSDTC | B38: Disease Milestone Instance Date/Time | C38: Char | D38: ISO 8601 | E38: Timing | F38: The start date/time of the Disease Milestone Instance Name in MIDS, in ISO 8601 format. | G38: Perm

Sheet CE
A1: Variable Name | B1: Variable Label | C1: Type | D1: Controlled Terms, Codelist or Format | E1: Role | F1: CDISC Notes | G1: Core
A2: STUDYID | B2: Study Identifier | C2: Char | E2: Identifier | F2: Unique identifier for a study. | G2: Req
A3: DOMAIN | B3: Domain Abbreviation | C3: Char | D3: CE | E3: Identifier | F3: Two-character abbreviation for the domain. | G3: Req
A4: USUBJID | B4: Unique Subject Identifier | C4: Char | E4: Identifier | F4: Identifier used to uniquely identify a subject across all studies for all applications or submissions involving the product. | G4: Req
A5: CESEQ | B5: Sequence Number | C5: Num | E5: Identifier | F5: Sequence Number given to ensure uniqueness of subject records within adomain. May be any valid number. | G5: Req
A6: CEGRPID | B6: Group ID | C6: Char | E6: Identifier | F6: Used to link together a block of related records for a subject within a domain. | G6: Perm
A7: CEREFID | B7: Reference ID | C7: Char | E7: Identifier | F7: Internal or external identifier such as lab specimen ID, or UUID for an ECG waveform or a medical image. | G7: Perm
A8: CESPID | B8: Sponsor-Defined Identifier | C8: Char | E8: Identifier | F8: Sponsor-defined identifier. | G8: Perm
A9: CETERM | B9: Reported Term for the Clinical Event | C9: Char | E9: Topic | F9: Term for the medical condition or event. Most likely preprinted on CRF. | G9: Req
A10: CEDECOD | B10: Dictionary-Derived Term | C10: Char | E10: Synonym Qualifier | F10: Controlled terminology for the name of the clinical event. The sponsor is expected to provide the dictionary name and version used to map the terms utilizing the external codelist element in the Define-XML document. | G10: Perm
A11: CECAT | B11: Category for the Clinical Event | C11: Char | E11: Grouping Qualifier | F11: Used to define a category of related records. | G11: Perm
A12: CESCAT | B12: Subcategory for the Clinical Event | C12: Char | E12: Grouping Qualifier | F12: A further categorization of the condition or event. | G12: Perm
A13: CEPRESP | B13: Clinical Event Pre-specified | C13: Char | D13: (NY) | E13: Variable Qualifier | F13: Used to indicate whether the Event in CETERM was pre-specified. Value is "Y" for pre-specified events and null for spontaneously reported events. | G13: Perm
A14: CEOCCUR | B14: Clinical Event Occurrence | C14: Char | D14: (NY) | E14: Record Qualifier | F14: Used when the occurrence of specific events is solicited, to indicate whether or not a clinical event occurred. Values are null for spontaneously reported events. | G14: Perm
A15: CESTAT | B15: Completion Status | C15: Char | D15: (ND) | E15: Record Qualifier | F15: The status indicates that a question from a pre-specified list was not answered. | G15: Perm
A16: CEREASND | B16: Reason Clinical Event Not Collected | C16: Char | E16: Record Qualifier | F16: Describes the reason clinical event data was not collected. Used in conjunction with CESTAT when value is "NOT DONE". | G16: Perm
A17: CEBODSYS | B17: Body System or Organ Class | C17: Char | E17: Record Qualifier | F17: Dictionary-derived. Body system or organ class that is involved in an event or measurement from a standard hierarchy (e.g., MedDRA). When using a multiaxial dictionary such as MedDRA, this should contain the SOC used for the sponsor's analyses and summary tables which may not necessarily be the primary SOC. | G17: Perm
A18: CESEV | B18: Severity/Intensity | C18: Char | E18: Record Qualifier | F18: The severity or intensity of the event. Examples: "MILD", "MODERATE", "SEVERE". | G18: Perm
A19: TAETORD | B19: Planned Order of Element within Arm | C19: Num | E19: Timing | F19: Number that gives the planned order of the Element within the Arm for the Element in which the clinical event started. | G19: Perm
A20: EPOCH | B20: Epoch | C20: Char | D20: (EPOCH) | E20: Timing | F20: Epoch associated with the start date/time of the clinical event. | G20: Perm
A21: CEDTC | B21: Date/Time of Event Collection | C21: Char | D21: ISO 8601 | E21: Timing | F21: Collection date and time for the clinical event observation represented in ISO 8601 character format. | G21: Perm
A22: CESTDTC | B22: Start Date/Time of Clinical Event | C22: Char | D22: ISO 8601 | E22: Timing | F22: Start date/time of the clinical event represented in ISO 8601 character format. | G22: Perm
A23: CEENDTC | B23: End Date/Time of Clinical Event | C23: Char | D23: ISO 8601 | E23: Timing | F23: End date/time of the clinical event, represented in ISO 8601 character format. | G23: Perm
A24: CEDY | B24: Study Day of Event Collection | C24: Num | E24: Timing | F24: 1. Study day of clinical event collection, measured as integer days. 2. Algorithm for calculations must be relative to the sponsor-defined RFSTDTC variable in Demographics. This formula should be consistent across the submission. | G24: Perm
A25: CESTDY | B25: Study Day of Start of Event | C25: Num | E25: Timing | F25: Actual study day of start of the clinical event expressed in integer days relative to the sponsor-defined RFSTDTC in Demographics. | G25: Perm
A26: CEENDY | B26: Study Day of End of Event | C26: Num | E26: Timing | F26: Actual study day of end of the clinical event expressed in integer days relative to the sponsor-defined RFSTDTC in Demographics. | G26: Perm
A27: CESTRF | B27: Start Relative to Reference Period | C27: Char | D27: (STENRF) | E27: Timing | F27: Describes the start of the clinical event relative to the sponsor-defined reference period. The sponsor-defined reference period is a continuous period of time defined by a discrete starting point and a discrete ending point (represented by RFSTDTC and RFENDTC in Demographics). Not all values of the codelist are allowable for this variable. See Section 4.4.7, Use of Relative Timing Variables. | G27: Perm
A28: CEENRF | B28: End Relative to Reference Period | C28: Char | D28: (STENRF) | E28: Timing | F28: Describes the end of the event relative to the sponsor-defined reference period. The sponsor-defined reference period is a continuous period of time defined by a discrete starting point and a discrete ending point (represented by RFSTDTC and RFENDTC in Demographics). Not all values of the codelist are allowable for this variable. See Section 4.4.7, Use of Relative Timing Variables. | G28: Perm
A29: CESTRTPT | B29: Start Relative to Reference Time Point | C29: Char | D29: (STENRF) | E29: Timing | F29: Identifies the start of the observation as being before or after the reference time point defined by variable CESTTPT. Not all values of the codelist are allowable for this variable. See Section 4.4.7, Use of Relative Timing Variables. | G29: Perm
A30: CESTTPT | B30: Start Reference Time Point | C30: Char | E30: Timing | F30: Description or date/time in ISO 8601 character format of the sponsor-defined reference point referred to by --STRTPT. Examples: "2003-12-15" or "VISIT 1". | G30: Perm
A31: CEENRTPT | B31: End Relative to Reference Time Point | C31: Char | D31: (STENRF) | E31: Timing | F31: Identifies the end of the observation as being before or after the sponsor-defined reference time point defined by variable CEENTPT. Not all values of the codelist are allowable for this variable. See Section 4.4.7, Use of Relative Timing Variables. | G31: Perm
A32: CEENTPT | B32: End Reference Time Point | C32: Char | E32: Timing | F32: Description or date/time in ISO 8601 character format of the reference point referred to by CEENRTPT. Examples: "2003-12-25" or "VISIT 2". | G32: Perm

Sheet HO
A1: Variable Name | B1: Variable Label | C1: Type | D1: Controlled Terms, Codelist or Format | E1: Role | F1: CDISC Notes | G1: Core
A2: STUDYID | B2: Study Identifier | C2: Char | E2: Identifier | F2: Unique identifier for a study. | G2: Req
A3: DOMAIN | B3: Domain Abbreviation | C3: Char | D3: HO | E3: Identifier | F3: Two-character abbreviation for the domain. | G3: Req
A4: USUBJID | B4: Unique Subject Identifier | C4: Char | E4: Identifier | F4: Identifier used to uniquely identify a subject across all studies for all applications or submissions involving the product. | G4: Req
A5: HOSEQ | B5: Sequence Number | C5: Num | E5: Identifier | F5: Sequence Number given to ensure uniqueness of subject records within a domain. May be any valid number. | G5: Req
A6: HOGRPID | B6: Group ID | C6: Char | E6: Identifier | F6: Used to tie together a block of related records in a single domain for a subject. | G6: Perm
A7: HOREFID | B7: Reference ID | C7: Char | E7: Identifier | F7: Internal or external healthcare encounter identifier. | G7: Perm
A8: HOSPID | B8: Sponsor-Defined Identifier | C8: Char | E8: Identifier | F8: Sponsor-defined identifier. It may be preprinted on the CRF as an explicit line identifier or defined in the sponsor's operational database. Example: Line number on a Healthcare encounters page. | G8: Perm
A9: HOTERM | B9: Healthcare Encounter Term | C9: Char | E9: Topic | F9: Verbatim or preprinted CRF term for the healthcare encounter. | G9: Req
A10: HODECOD | B10: Dictionary-Derived Term | C10: Char | E10: Synonym Qualifier | F10: Dictionary or sponsor-defined derived text description of HOTERM or the modified topic variable (HOMODIFY). | G10: Perm
A11: HOCAT | B11: Category for Healthcare Encounter | C11: Char | E11: Grouping Qualifier | F11: Used to define a category of topic-related values. | G11: Perm
A12: HOSCAT | B12: Subcategory for Healthcare Encounter | C12: Char | E12: Grouping Qualifier | F12: A further categorization of HOCAT values. | G12: Perm
A13: HOPRESP | B13: Pre-Specified Healthcare Encounter | C13: Char | D13: (NY) | E13: Variable Qualifier | F13: A value of "Y" indicates that this healthcare encounter event was pre-specified on the CRF. Values are null for spontaneously reported events (i.e., those collected as free-text verbatim terms). | G13: Perm
A14: HOOCCUR | B14: Healthcare Encounter Occurrence | C14: Char | D14: (NY) | E14: Record Qualifier | F14: Used when the occurrence of specific healthcare encounters is solicited, to indicate whether or not an encounter occurred. Values are null for spontaneously reported events. | G14: Perm
A15: HOSTAT | B15: Completion Status | C15: Char | D15: (ND) | E15: Record Qualifier | F15: The status indicates that the pre-specified question was not answered. | G15: Perm
A16: HOREASND | B16: Reason Healthcare Encounter Not Done | C16: Char | E16: Record Qualifier | F16: Describes the reason data for a pre-specified event was not collected. Used in conjunction with HOSTAT when value is "NOT DONE". | G16: Perm
A17: TAETORD | B17: Planned Order of Element within Arm | C17: Num | E17: Timing | F17: Number that gives the planned order of the Element within the Arm. | G17: Perm
A18: EPOCH | B18: Epoch | C18: Char | D18: (EPOCH) | E18: Timing | F18: Epoch associated with the start date/time of the healthcare encounter. Examples: "SCREENING", "TREATMENT", "FOLLOW-UP". | G18: Perm
A19: HODTC | B19: Date/Time of Event Collection | C19: Char | D19: ISO 8601 | E19: Timing | F19: Collection date and time of the healthcare encounter. | G19: Perm
A20: HOSTDTC | B20: Start Date/Time of Healthcare Encounter | C20: Char | D20: ISO 8601 | E20: Timing | F20: Start date/time of the healthcare encounter (e.g., date of admission). | G20: Exp
A21: HOENDTC | B21: End Date/Time of Healthcare Encounter | C21: Char | D21: ISO 8601 | E21: Timing | F21: End date/time of the healthcare encounter (date of discharge). | G21: Perm
A22: HODY | B22: Study Day of Event Collection | C22: Num | E22: Timing | F22: Study day of event collection relative to the sponsor-defined RFSTDTC. | G22: Perm
A23: HOSTDY | B23: Study Day of Start of Encounter | C23: Num | E23: Timing | F23: Study day of the start of the healthcare encounter relative to the sponsor-defined RFSTDTC. | G23: Perm
A24: HOENDY | B24: Study Day of End of Healthcare Encounter | C24: Num | E24: Timing | F24: Study day of the end of the healthcare encounter relative to the sponsor-defined RFSTDTC. | G24: Perm
A25: HODUR | B25: Duration of Healthcare Encounter | C25: Char | D25: ISO 8601 | E25: Timing | F25: Collected duration of the healthcare encounter. Used only if collected on the CRF and not derived from the start and end date/times. Example: P1DT2H (for 1 day, 2 hours). | G25: Perm
A26: HOSTRTPT | B26: Start Relative to Reference Time Point | C26: Char | D26: (STENRF) | E26: Timing | F26: Identifies the start of the observation as being before or after the sponsor-defined reference time point defined by variable --STTPT. Not all values of the codelist are allowable for this variable. See Section 4.4.7, Use of Relative Timing Variables. | G26: Perm
A27: HOSTTPT | B27: Start Reference Time Point | C27: Char | E27: Timing | F27: Description or date/time in ISO 8601 character format of the sponsor-defined reference point referred to by STRTPT. Examples: "2003-12-15" or "VISIT 1". | G27: Perm
A28: HOENRTPT | B28: End Relative to Reference Time Point | C28: Char | D28: (STENRF) | E28: Timing | F28: Identifies the end of the event as being before or after the reference time point defined by variable HOENTPT. Not all values of the codelist are allowable for this variable. See Section 4.4.7, Use of Relative Timing Variables. | G28: Perm
A29: HOENTPT | B29: End Reference Time Point | C29: Char | E29: Timing | F29: Description or date/time in ISO 8601 character format of the reference point referred to by HOENRTPT. Examples: "2003-12-25" or "VISIT 2". | G29: Perm

Sheet CV
A1: Variable Name | B1: Variable Label | C1: Type | D1: Controlled Terms, Codelist or Format | E1: Role | F1: CDISC Notes | G1: Core
A2: STUDYID | B2: Study Identifier | C2: Char | E2: Identifier | F2: Unique identifier for a study. | G2: Req
A3: DOMAIN | B3: Domain Abbreviation | C3: Char | D3: CV | E3: Identifier | F3: Two-character abbreviation for the domain. | G3: Req
A4: USUBJID | B4: Unique Subject Identifier | C4: Char | E4: Identifier | F4: Identifier used to uniquely identify a subject across all studies for all applications or submissions involving the product. | G4: Req
A5: CVSEQ | B5: Sequence Number | C5: Num | E5: Identifier | F5: Sequence number to ensure uniqueness of records within a dataset for a subject. May be any valid number (including decimals) and does not have to start at 1. | G5: Req
A6: CVGRPID | B6: Group ID | C6: Char | E6: Identifier | F6: Optional group identifier, used to link together a block of related records within a subject in a domain. | G6: Perm
A7: CVREFID | B7: Reference ID | C7: Char | E7: Identifier | F7: Optional internal or external identifier. | G7: Perm
A8: CVSPID | B8: Sponsor-Defined Identifier | C8: Char | E8: Identifier | F8: Sponsor-defined identifier. Example: "preprinted line identifier on a Case Report Form". | G8: Perm
A9: CVLNKID | B9: Link ID | C9: Char | E9: Identifier | F9: Identifier used to link related records across domains. This may be a one-to-one or a one-to-many relationship. | G9: Perm
A10: CVLNKGRP | B10: Link Group | C10: Char | E10: Identifier | F10: Identifier used to link related records across domains. This will usually be a many-to-one relationship. | G10: Perm
A11: CVTESTCD | B11: Short Name of Cardiovascular Test | C11: Char | D11: (CVTESTCD) | E11: Topic | F11: Short name of the measurement, test, or examination described in CVTEST. It can be used as a column name when converting a dataset from a vertical to a horizontal format. The value in CVTESTCD cannot be longer than 8 characters, nor can it start with a number (e.g., "1TEST"). CVTESTCD cannot contain characters other than letters, numbers, or underscores. | G11: Req
A12: CVTEST | B12: Name of Cardiovascular Test | C12: Char | D12: (CVTEST) | E12: Synonym Qualifier | F12: Long name For CVTESTCD. The value in CVTEST cannot be longer than 40 characters. | G12: Req
A13: CVCAT | B13: Category for Cardiovascular Test | C13: Char | E13: Grouping Qualifier | F13: Used to define a category of topic-variable values. | G13: Perm
A14: CVSCAT | B14: Subcategory for Cardiovascular Test | C14: Char | E14: Grouping Qualifier | F14: Used to define a further categorization of CVCAT values. | G14: Perm
A15: CVPOS | B15: Position of Subject During Observation | C15: Char | D15: (POSITION) | E15: Record Qualifier | F15: Position of the subject during a measurement or examination. Examples: "SUPINE", "STANDING", "SITTING". | G15: Perm
A16: CVORRES | B16: Result or Finding in Original Units | C16: Char | E16: Result Qualifier | F16: Result of the measurement or finding as originally received or collected. | G16: Exp
A17: CVORRESU | B17: Original Units | C17: Char | D17: (UNIT) | E17: Variable Qualifier | F17: Original units in which the data were collected. Unit for CVORRES. | G17: Perm
A18: CVSTRESC | B18: Character Result/Finding in Std Format | C18: Char | E18: Result Qualifier | F18: Contains the result value for all findings, copied or derived from CVORRES in a standard format or in standard units. CVSTRESC should store all results or findings in character format; if results are numeric, they should also be stored in numeric format in CVSTRESN. For example, if various tests have results "NONE", "NEG", and "NEGATIVE" in CVORRES and these results effectively have the same meaning, they could be represented in standard format in CVSTRESC as "NEGATIVE". | G18: Exp
A19: CVSTRESN | B19: Numeric Result/Finding in Standard Units | C19: Num | E19: Result Qualifier | F19: Used for continuous or numeric results or findings in standard format; copied in numeric format from CVSTRESC. CVSTRESN should store all numeric test results or findings. | G19: Perm
A20: CVSTRESU | B20: Standard Units | C20: Char | D20: (UNIT) | E20: Variable Qualifier | F20: Standardized units used for CVSTRESC and CVSTRESN. | G20: Perm
A21: CVSTAT | B21: Completion Status | C21: Char | D21: (ND) | E21: Record Qualifier | F21: Used to indicate that a question was not asked or a test was not done, or a test was attempted but did not generate a result. Should be null or have a value of "NOT DONE". | G21: Perm
A22: CVREASND | B22: Reason Not Done | C22: Char | E22: Record Qualifier | F22: Describes why a measurement or test was not performed. Examples: "BROKEN EQUIPMENT" or "SUBJECT REFUSED". Used in conjunction with CVSTAT when value is "NOT DONE". | G22: Perm
A23: CVLOC | B23: Location Used for the Measurement | C23: Char | D23: (LOC) | E23: Record Qualifier | F23: Anatomical location of the subject relevant to the collection of the measurement. Example: "HEART", "LEFT VENTRICLE". | G23: Perm
A24: CVLAT | B24: Laterality | C24: Char | D24: (LAT) | E24: Variable Qualifier | F24: Qualifier for anatomical location or specimen further detailing laterality. Examples: "RIGHT", "LEFT", "BILATERAL", "UNILATERAL". | G24: Perm
A25: CVDIR | B25: Directionality | C25: Char | D25: (DIR) | E25: Variable Qualifier | F25: Qualifier for anatomical location or specimen further detailing directionality. Examples: "ANTERIOR", "LOWER", "PROXIMAL". | G25: Perm
A26: CVMETHOD | B26: Method of Test or Examination | C26: Char | D26: (METHOD) | E26: Record Qualifier | F26: Method used to create the result. | G26: Perm
A27: CVLOBXFL | B27: Last Observation Before Exposure Flag | C27: Char | D27: (NY) | E27: Record Qualifier | F27: Operationally-derived indicator used to identify the last non-missing value prior to RFXSTDTC. The value should be "Y" or null. | G27: Exp
A28: CVBLFL | B28: Baseline Flag | C28: Char | D28: (NY) | E28: Record Qualifier | F28: Indicator used to identify a baseline value. Should be "Y" or null. Note that CVBLFL is retained for backward compatibility. The authoritative baseline for statistical analysis is in an ADaM dataset. | G28: Perm
A29: CVDRVFL | B29: Derived Flag | C29: Char | D29: (NY) | E29: Record Qualifier | F29: Used to indicate a derived record (e.g., a record that represents the average of other records such as a computed baseline). Should be "Y" or null. | G29: Perm
A30: CVEVAL | B30: Evaluator | C30: Char | D30: (EVAL) | E30: Record Qualifier | F30: Role of the person who provided the evaluation. Used only for results that are subjective (e.g., assigned by a person or a group). Examples: "ADJUDICATION COMMITTEE", " INDEPENDENT ASSESSOR", "RADIOLOGIST". | G30: Perm
A31: CVEVALID | B31: Evaluator Identifier | C31: Char | D31: (MEDEVAL) | E31: Variable Qualifier | F31: Used to distinguish multiple evaluators with the same role recorded in CVEVAL. Examples: "RADIOLOGIST1" or "RADIOLOGIST2". | G31: Perm
A32: VISITNUM | B32: Visit Number | C32: Num | E32: Timing | F32: 1. Clinical encounter number. 2. Numeric version of VISIT, used for sorting. | G32: Exp
